epoch,time,train/box_loss,train/cls_loss,train/dfl_loss,train/mixture_aux_loss,train/foundation,metrics/precision(B),metrics/recall(B),metrics/mAP50(B),metrics/mAP50-95(B),val/box_loss,val/cls_loss,val/dfl_loss,val/mixture_aux_loss,val/foundation,train/foundation_loss,train/foundation_cosine_loss,train/foundation_relational_loss,train/foundation_cosine_raw,train/foundation_relational_raw,train/foundation_task_ratio,train/foundation_loss_weight,train/foundation_effective_weight,train/foundation_foreground_enabled,train/foundation_foreground_mean_weight,train/foundation_p3_loss,train/foundation_p4_loss,train/foundation_p5_loss,lr/pg0,lr/pg1,lr/pg2,lr/pg3,lr/pg4
1,175.053,3.44774,4.98204,0.06849,1.61933,51.571,0.00025,0.0072,0,0,4.27554,5436.95,0.20285,0,0,51.571,0,51.571,0,0.268824,0.277298,3.00161,3.00161,0,1,55.8666,51.8812,46.9652,0.00332046,0.00332046,0.0701158,0.00166023,0.00664093
2,348.234,3.287,4.83167,0.06325,1.02154,34.8295,0.00083,0.04971,0.00013,3e-05,3.25239,5.18765,0.07751,0,0,34.8295,0,34.8295,0,0.181493,0.195311,3.00161,3.00161,0,1,36.9319,37.1184,30.4381,0.00663733,0.00663733,0.0400994,0.00331866,0.0132747
3,527.285,2.64337,4.32184,0.04534,0.99593,21.9561,0.00183,0.22,0.00106,0.00028,2.71471,70.5093,0.06332,0,0,21.9561,0,21.9561,0,0.114458,0.152918,3.00161,3.00161,0,1,22.7988,22.9796,20.0898,0.00993769,0.00993769,0.0100664,0.00496885,0.0198754
4,711.986,2.27511,4.00096,0.03577,0.99722,19.6253,0.061,0.09172,0.00497,0.00149,2.50088,20.5979,0.05341,0,0,19.6253,0,19.6253,0,0.102317,0.155271,3.00161,3.00161,0,1,20.5075,20.5187,17.8496,0.00992575,0.00992575,0.00992575,0.00496288,0.0198515
5,896.456,2.14325,3.78827,0.03298,0.99865,18.5925,0.12587,0.05178,0.0175,0.00607,2.23968,4.84243,0.0452,0,0,18.5925,0,18.5925,0,0.096936,0.155612,3.00161,3.00161,0,1,19.506,19.568,16.7035,0.009901,0.009901,0.009901,0.0049505,0.019802
6,1080.71,2.07888,3.60656,0.03156,0.99508,17.9192,0.12326,0.05821,0.02859,0.01004,2.29065,4.14166,0.04573,0,0,17.9192,0,17.9192,0,0.09344,0.157001,3.00161,3.00161,0,1,18.8956,18.9521,15.9099,0.00987625,0.00987625,0.00987625,0.00493813,0.0197525
7,1265.27,2.02267,3.46306,0.03045,0.99367,17.4249,0.23088,0.12735,0.06314,0.02702,2.09339,3.43556,0.03999,0,0,17.4249,0,17.4249,0,0.0908405,0.158409,3.00161,3.00161,0,1,18.4282,18.4408,15.4058,0.0098515,0.0098515,0.0098515,0.00492575,0.019703
8,1450.28,1.97947,3.30858,0.02919,0.99136,16.6885,0.2307,0.14523,0.08626,0.03823,2.09167,3.28247,0.03991,0,0,16.6885,0,16.6885,0,0.0870105,0.157701,3.00161,3.00161,0,1,17.6627,17.6952,14.7075,0.00982675,0.00982675,0.00982675,0.00491338,0.0196535
9,1634.87,1.94292,3.20683,0.02856,0.99449,16.3785,0.2985,0.14186,0.08061,0.03516,1.99731,3.27191,0.03849,0,0,16.3785,0,16.3785,0,0.0853866,0.15939,3.00161,3.00161,0,1,17.3405,17.3931,14.402,0.009802,0.009802,0.009802,0.004901,0.019604
10,1819.76,1.90148,3.13395,0.02764,0.99843,16.0499,0.18821,0.18043,0.11611,0.05461,2.00891,3.07506,0.03789,0,0,16.0499,0,16.0499,0,0.0836753,0.159731,3.00161,3.00161,0,1,17.0224,17.0343,14.0931,0.00977725,0.00977725,0.00977725,0.00488863,0.0195545
11,2001.69,1.89376,3.06118,0.02746,0.99492,15.7647,0.21668,0.19103,0.12497,0.05853,1.96978,3.03767,0.03688,0,0,15.7647,0,15.7647,0,0.082191,0.159554,3.00161,3.00161,0,1,16.7384,16.7392,13.8166,0.0097525,0.0097525,0.0097525,0.00487625,0.019505
12,2182.95,1.86795,2.99225,0.02687,0.99519,15.5839,0.25295,0.20281,0.14725,0.07119,1.95651,2.89227,0.03636,0,0,15.5839,0,15.5839,0,0.0812471,0.160775,3.00161,3.00161,0,1,16.5461,16.5545,13.6512,0.00972775,0.00972775,0.00972775,0.00486388,0.0194555
13,2364.29,1.84719,2.94553,0.0265,0.99446,15.4598,0.23184,0.20884,0.14934,0.07507,1.94548,2.90095,0.03604,0,0,15.4598,0,15.4598,0,0.0805967,0.16185,3.00161,3.00161,0,1,16.404,16.397,13.5784,0.009703,0.009703,0.009703,0.0048515,0.019406
14,2545.57,1.83835,2.89625,0.02637,0.99536,15.2271,0.27681,0.23419,0.17684,0.09065,1.86969,2.74729,0.0341,0,0,15.2271,0,15.2271,0,0.0793809,0.161616,3.00161,3.00161,0,1,16.1337,16.184,13.3635,0.00967825,0.00967825,0.00967825,0.00483913,0.0193565
15,2729.17,1.82138,2.86818,0.02589,0.99676,15.1445,0.27955,0.23128,0.18157,0.09381,1.86969,2.77043,0.03439,0,0,15.1445,0,15.1445,0,0.0789546,0.162336,3.00161,3.00161,0,1,16.0294,16.0859,13.318,0.0096535,0.0096535,0.0096535,0.00482675,0.019307
16,2914.23,1.81087,2.82998,0.02559,0.99571,15.0906,0.28591,0.24112,0.19437,0.10297,1.85291,2.71155,0.03351,0,0,15.0906,0,15.0906,0,0.0786723,0.163896,3.00161,3.00161,0,1,15.9603,16.062,13.2494,0.00962875,0.00962875,0.00962875,0.00481438,0.0192575
17,3098.89,1.7969,2.79168,0.02534,0.99742,14.9897,0.3084,0.25843,0.21019,0.10838,1.83726,2.61714,0.03331,0,0,14.9897,0,14.9897,0,0.0781526,0.164599,3.00161,3.00161,0,1,15.8316,15.9317,13.2059,0.009604,0.009604,0.009604,0.004802,0.019208
18,3282.5,1.78067,2.75941,0.02532,0.99857,14.9136,0.32932,0.27325,0.23024,0.12362,1.786,2.54075,0.03213,0,0,14.9136,0,14.9136,0,0.0777491,0.165986,3.00161,3.00161,0,1,15.7483,15.8249,13.1676,0.00957925,0.00957925,0.00957925,0.00478963,0.0191585
19,3465.7,1.76293,2.72695,0.02475,0.99689,14.7082,0.34276,0.2844,0.24566,0.13501,1.7787,2.49028,0.03187,0,0,14.7082,0,14.7082,0,0.076689,0.165676,3.00161,3.00161,0,1,15.5045,15.6527,12.9675,0.0095545,0.0095545,0.0095545,0.00477725,0.019109
20,3649.92,1.74771,2.67616,0.0245,0.99587,14.5332,0.35627,0.28184,0.24568,0.13198,1.78208,2.51139,0.03195,0,0,14.5332,0,14.5332,0,0.0757638,0.166017,3.00161,3.00161,0,1,15.333,15.472,12.7947,0.00952975,0.00952975,0.00952975,0.00476488,0.0190595
21,3832.44,1.74842,2.66049,0.02439,0.99628,14.4864,0.36747,0.28526,0.25878,0.14263,1.74242,2.43298,0.03088,0,0,14.4864,0,14.4864,0,0.0755209,0.166328,3.00161,3.00161,0,1,15.2856,15.4329,12.7407,0.009505,0.009505,0.009505,0.0047525,0.01901
22,4013.33,1.73475,2.63806,0.02409,0.997,14.3838,0.34619,0.288,0.25519,0.14011,1.77015,2.44123,0.03149,0,0,14.3838,0,14.3838,0,0.0749937,0.167008,3.00161,3.00161,0,1,15.1656,15.3308,12.6549,0.00948025,0.00948025,0.00948025,0.00474013,0.0189605
23,4194.31,1.7233,2.61045,0.02392,0.99751,14.3215,0.39474,0.31766,0.29067,0.15909,1.72524,2.35712,0.03043,0,0,14.3215,0,14.3215,0,0.0746651,0.167631,3.00161,3.00161,0,1,15.0818,15.2615,12.6213,0.0094555,0.0094555,0.0094555,0.00472775,0.018911
24,4376.21,1.71606,2.5831,0.02376,0.99706,14.2689,0.39201,0.31169,0.2925,0.16426,1.72698,2.33365,0.03057,0,0,14.2689,0,14.2689,0,0.0743885,0.16843,3.00161,3.00161,0,1,15.0492,15.2051,12.5526,0.00943075,0.00943075,0.00943075,0.00471537,0.0188615
25,4557.96,1.70215,2.54737,0.02364,0.99693,14.1869,0.40616,0.32744,0.30569,0.17301,1.70041,2.28389,0.02995,0,0,14.1869,0,14.1869,0,0.0739602,0.169572,3.00161,3.00161,0,1,14.9396,15.136,12.4849,0.009406,0.009406,0.009406,0.004703,0.018812
26,4738.54,1.70123,2.54667,0.02349,0.99792,14.0599,0.42468,0.32577,0.31085,0.17865,1.68712,2.25423,0.02954,0,0,14.0599,0,14.0599,0,0.0732982,0.168191,3.00161,3.00161,0,1,14.819,14.9692,12.3915,0.00938125,0.00938125,0.00938125,0.00469063,0.0187625
27,4920.27,1.68868,2.51157,0.02323,0.99755,13.9868,0.41936,0.32503,0.31282,0.17884,1.68478,2.2674,0.02934,0,0,13.9868,0,13.9868,0,0.0729209,0.169232,3.00161,3.00161,0,1,14.7677,14.8936,12.2992,0.0093565,0.0093565,0.0093565,0.00467825,0.018713
28,5102.38,1.69016,2.49608,0.02329,0.99733,13.9285,0.40945,0.34507,0.31395,0.18027,1.65784,2.25266,0.02889,0,0,13.9285,0,13.9285,0,0.0726155,0.169191,3.00161,3.00161,0,1,14.6676,14.8515,12.2664,0.00933175,0.00933175,0.00933175,0.00466587,0.0186635
29,5284.02,1.68465,2.49314,0.0231,0.99912,14.0136,0.42638,0.34568,0.32882,0.1914,1.66369,2.19337,0.02903,0,0,14.0136,0,14.0136,0,0.0730539,0.170668,3.00161,3.00161,0,1,14.783,14.9299,12.3278,0.009307,0.009307,0.009307,0.0046535,0.018614
30,5464.55,1.6683,2.48055,0.02297,0.99769,13.8995,0.42817,0.35344,0.33936,0.19658,1.65643,2.1816,0.02876,0,0,13.8996,0,13.8996,0,0.0724694,0.170431,3.00161,3.00161,0,1,14.662,14.8116,12.2251,0.00928225,0.00928225,0.00928225,0.00464113,0.0185645
31,5644.8,1.67467,2.45718,0.0228,0.9982,13.8344,0.4355,0.35403,0.34145,0.20145,1.65057,2.14628,0.02853,0,0,13.8344,0,13.8344,0,0.0721239,0.17041,3.00161,3.00161,0,1,14.5751,14.7576,12.1704,0.0092575,0.0092575,0.0092575,0.00462875,0.018515
32,5825.18,1.66998,2.44839,0.02291,0.99829,13.7974,0.4479,0.35546,0.34405,0.20432,1.62537,2.14631,0.02794,0,0,13.7974,0,13.7974,0,0.0719342,0.170583,3.00161,3.00161,0,1,14.5596,14.7027,12.1297,0.00923275,0.00923275,0.00923275,0.00461637,0.0184655
33,6005.99,1.66138,2.42492,0.02289,0.99883,13.8482,0.43806,0.37287,0.35725,0.20717,1.63647,2.11736,0.0283,0,0,13.8482,0,13.8482,0,0.072199,0.17269,3.00161,3.00161,0,1,14.6192,14.7256,12.1998,0.009208,0.009208,0.009208,0.004604,0.018416
34,6186.79,1.6622,2.41912,0.02269,0.99919,13.767,0.44167,0.38161,0.36151,0.21301,1.6275,2.08565,0.02802,0,0,13.767,0,13.767,0,0.0717755,0.172022,3.00161,3.00161,0,1,14.5268,14.6662,12.1078,0.00918325,0.00918325,0.00918325,0.00459163,0.0183665
35,6366.98,1.64842,2.39881,0.02246,0.99836,13.7195,0.45554,0.37997,0.3691,0.22041,1.60667,2.07078,0.02755,0,0,13.7194,0,13.7194,0,0.0715212,0.17292,3.00161,3.00161,0,1,14.4644,14.5969,12.0971,0.0091585,0.0091585,0.0091585,0.00457925,0.018317
36,6547.61,1.64052,2.39069,0.02247,0.99934,13.7514,0.46348,0.38314,0.37518,0.22161,1.6075,2.05756,0.02761,0,0,13.7514,0,13.7514,0,0.0716884,0.174062,3.00161,3.00161,0,1,14.4845,14.6199,12.1499,0.00913375,0.00913375,0.00913375,0.00456687,0.0182675
37,6729.08,1.64236,2.36786,0.02234,0.99832,13.7219,0.47156,0.38442,0.38051,0.22562,1.60623,2.04512,0.02755,0,0,13.7219,0,13.7219,0,0.0715369,0.174761,3.00161,3.00161,0,1,14.4671,14.5707,12.128,0.009109,0.009109,0.009109,0.0045545,0.018218
38,6911.51,1.63308,2.36348,0.02237,0.9997,13.6202,0.4812,0.38167,0.39045,0.23171,1.59319,2.02348,0.02729,0,0,13.6201,0,13.6201,0,0.0710047,0.174034,3.00161,3.00161,0,1,14.3623,14.483,12.0151,0.00908425,0.00908425,0.00908425,0.00454213,0.0181685
39,7094.98,1.63157,2.34457,0.02236,0.99785,13.616,0.482,0.38839,0.38945,0.2338,1.58599,2.01009,0.02715,0,0,13.616,0,13.616,0,0.0709907,0.174752,3.00161,3.00161,0,1,14.3588,14.4899,11.9993,0.0090595,0.0090595,0.0090595,0.00452975,0.018119
40,7276.05,1.63399,2.34306,0.02225,0.99808,13.5841,0.47535,0.39896,0.39481,0.23686,1.57799,1.98749,0.0269,0,0,13.5841,0,13.5841,0,0.07082,0.174704,3.00161,3.00161,0,1,14.3339,14.4632,11.9553,0.00903475,0.00903475,0.00903475,0.00451737,0.0180695
41,7456.62,1.62318,2.33256,0.02213,0.99969,13.5742,0.49221,0.39775,0.40239,0.24098,1.57113,1.96969,0.02671,0,0,13.5742,0,13.5742,0,0.0707659,0.17514,3.00161,3.00161,0,1,14.3076,14.4446,11.9705,0.00901,0.00901,0.00901,0.004505,0.01802
42,7639.86,1.63692,2.33111,0.02205,0.99954,13.5272,0.47824,0.40576,0.40541,0.24427,1.56453,1.97398,0.02654,0,0,13.5271,0,13.5271,0,0.0705201,0.174188,3.00161,3.00161,0,1,14.2724,14.3973,11.9117,0.00898525,0.00898525,0.00898525,0.00449263,0.0179705
43,7820.54,1.62068,2.30758,0.02195,0.99957,13.532,0.5004,0.40455,0.41282,0.25011,1.55837,1.95309,0.02637,0,0,13.532,0,13.532,0,0.0705459,0.176075,3.00161,3.00161,0,1,14.2586,14.3881,11.9493,0.0089605,0.0089605,0.0089605,0.00448025,0.017921
44,8003.32,1.61791,2.29077,0.02191,0.99745,13.4369,0.50484,0.40439,0.41475,0.25229,1.55417,1.94277,0.02623,0,0,13.4369,0,13.4369,0,0.0700481,0.175785,3.00161,3.00161,0,1,14.1525,14.3258,11.8324,0.00893575,0.00893575,0.00893575,0.00446788,0.0178715
45,8183.95,1.60956,2.28671,0.02177,0.99882,13.416,0.52029,0.40315,0.42164,0.25647,1.55164,1.92182,0.02613,0,0,13.416,0,13.416,0,0.0699418,0.176044,3.00161,3.00161,0,1,14.1359,14.2773,11.8348,0.008911,0.008911,0.008911,0.0044555,0.017822
46,8365.91,1.60164,2.28212,0.02176,0.99855,13.4028,0.52371,0.41299,0.42567,0.25944,1.54983,1.90894,0.02613,0,0,13.4028,0,13.4028,0,0.069873,0.176413,3.00161,3.00161,0,1,14.117,14.2935,11.7979,0.00888625,0.00888625,0.00888625,0.00444313,0.0177725
47,8547.42,1.61168,2.2544,0.02175,0.99857,13.3247,0.5273,0.41674,0.42968,0.26297,1.5456,1.89891,0.02601,0,0,13.3247,0,13.3247,0,0.0694683,0.176329,3.00161,3.00161,0,1,14.0377,14.1951,11.7411,0.0088615,0.0088615,0.0088615,0.00443075,0.017723
48,8729.12,1.60429,2.25952,0.02158,0.99874,13.2883,0.5223,0.41921,0.43292,0.26512,1.54337,1.88679,0.02597,0,0,13.2883,0,13.2883,0,0.069273,0.176034,3.00161,3.00161,0,1,13.9708,14.1883,11.7057,0.00883675,0.00883675,0.00883675,0.00441838,0.0176735
49,8911.59,1.60276,2.24344,0.02162,0.99888,13.2297,0.51519,0.42605,0.43773,0.26843,1.53782,1.87906,0.02587,0,0,13.2297,0,13.2297,0,0.0689776,0.176453,3.00161,3.00161,0,1,13.9485,14.1166,11.624,0.008812,0.008812,0.008812,0.004406,0.017624
50,9092.56,1.59987,2.22573,0.02147,0.99881,13.2144,0.5269,0.41527,0.43941,0.26944,1.53528,1.87088,0.02583,0,0,13.2144,0,13.2144,0,0.0688996,0.177019,3.00161,3.00161,0,1,13.9061,14.114,11.6231,0.00878725,0.00878725,0.00878725,0.00439362,0.0175745
51,9274.5,1.6007,2.23012,0.02154,0.99967,13.2815,0.5302,0.41939,0.44448,0.27303,1.52986,1.86014,0.02568,0,0,13.2815,0,13.2815,0,0.0692426,0.177595,3.00161,3.00161,0,1,14.0065,14.1971,11.6409,0.0087625,0.0087625,0.0087625,0.00438125,0.017525
52,9455.44,1.59529,2.21494,0.02142,0.99885,13.1933,0.53679,0.42204,0.44865,0.27598,1.52608,1.85238,0.02556,0,0,13.1932,0,13.1932,0,0.0687847,0.177433,3.00161,3.00161,0,1,13.8807,14.0864,11.6127,0.00873775,0.00873775,0.00873775,0.00436888,0.0174755
53,9641.82,1.58035,2.21586,0.02123,0.99925,13.1669,0.53427,0.42811,0.4514,0.27711,1.51845,1.85189,0.02539,0,0,13.1668,0,13.1668,0,0.0686421,0.177509,3.00161,3.00161,0,1,13.837,14.0646,11.599,0.008713,0.008713,0.008713,0.0043565,0.017426
54,9836.46,1.58626,2.20261,0.02127,0.99907,13.1507,0.53141,0.43067,0.45341,0.27848,1.51637,1.84007,0.02532,0,0,13.1507,0,13.1507,0,0.0685611,0.178034,3.00161,3.00161,0,1,13.8274,14.0415,11.5832,0.00868825,0.00868825,0.00868825,0.00434412,0.0173765
55,10027.5,1.58385,2.19909,0.02129,0.99959,13.1108,0.5374,0.43286,0.45592,0.28,1.51322,1.83393,0.02528,0,0,13.1108,0,13.1108,0,0.0683505,0.177583,3.00161,3.00161,0,1,13.7946,13.99,11.5479,0.0086635,0.0086635,0.0086635,0.00433175,0.017327
56,10215.9,1.58336,2.18076,0.02136,0.99918,13.0933,0.53641,0.43941,0.45869,0.28209,1.51121,1.82608,0.02524,0,0,13.0933,0,13.0933,0,0.0682623,0.178123,3.00161,3.00161,0,1,13.7589,13.9983,11.5227,0.00863875,0.00863875,0.00863875,0.00431938,0.0172775
57,10403.3,1.57418,2.17743,0.02112,0.99923,13.0421,0.53418,0.44085,0.46073,0.28379,1.50798,1.82093,0.02517,0,0,13.0421,0,13.0421,0,0.0679923,0.178084,3.00161,3.00161,0,1,13.7097,13.9443,11.4722,0.008614,0.008614,0.008614,0.004307,0.017228
58,10589.9,1.56783,2.16993,0.0211,0.99934,13.048,0.53768,0.44211,0.46246,0.28513,1.50524,1.81481,0.0251,0,0,13.048,0,13.048,0,0.0680255,0.178717,3.00161,3.00161,0,1,13.7284,13.9413,11.4745,0.00858925,0.00858925,0.00858925,0.00429463,0.0171785
59,10774.8,1.57788,2.16982,0.02112,0.99948,13.0544,0.53974,0.44395,0.46464,0.28748,1.50253,1.80573,0.02504,0,0,13.0544,0,13.0544,0,0.0680551,0.178553,3.00161,3.00161,0,1,13.7313,13.9356,11.4962,0.0085645,0.0085645,0.0085645,0.00428225,0.017129
60,10960.1,1.57842,2.1641,0.02105,0.99958,13.0321,0.54557,0.44424,0.46682,0.28953,1.49937,1.80129,0.02495,0,0,13.0321,0,13.0321,0,0.0679561,0.178606,3.00161,3.00161,0,1,13.7049,13.9355,11.4558,0.00853975,0.00853975,0.00853975,0.00426988,0.0170795
61,11145.2,1.5808,2.16234,0.02123,0.9991,13.2485,0.54436,0.44448,0.46948,0.29146,1.49708,1.79747,0.0249,0,0,13.2485,0,13.2485,0,0.069074,0.181752,3.00161,3.00161,0,1,13.8357,14.0574,11.8525,0.008515,0.008515,0.008515,0.0042575,0.01703
62,11327.2,1.57492,2.14525,0.02102,0.9995,13.0384,0.54549,0.44488,0.47039,0.29245,1.49613,1.79282,0.02488,0,0,13.0384,0,13.0384,0,0.0679733,0.179662,3.00161,3.00161,0,1,13.712,13.9083,11.4949,0.00849025,0.00849025,0.00849025,0.00424513,0.0169805
63,11508,1.56811,2.14637,0.02093,0.99942,13.0636,0.55292,0.44601,0.47247,0.29395,1.49266,1.79022,0.0248,0,0,13.0636,0,13.0636,0,0.0681054,0.180495,3.00161,3.00161,0,1,13.7233,13.9304,11.537,0.0084655,0.0084655,0.0084655,0.00423275,0.016931
64,11688.2,1.57073,2.13369,0.02083,0.99986,13.0435,0.55549,0.44564,0.47385,0.29513,1.49043,1.78877,0.02475,0,0,13.0435,0,13.0435,0,0.0680065,0.180631,3.00161,3.00161,0,1,13.7135,13.8986,11.5183,0.00844075,0.00844075,0.00844075,0.00422038,0.0168815
65,11867.5,1.55151,2.12517,0.02077,0.99946,12.9694,0.55907,0.44712,0.47637,0.29631,1.4895,1.78189,0.02476,0,0,12.9694,0,12.9694,0,0.067613,0.180963,3.00161,3.00161,0,1,13.6299,13.841,11.4374,0.008416,0.008416,0.008416,0.004208,0.016832
66,12049.4,1.56502,2.1211,0.02087,0.99945,12.9822,0.56836,0.44466,0.47844,0.29785,1.48795,1.77682,0.02473,0,0,12.9822,0,12.9822,0,0.0676744,0.180611,3.00161,3.00161,0,1,13.632,13.8721,11.4424,0.00839125,0.00839125,0.00839125,0.00419563,0.0167825
67,12230.2,1.559,2.11314,0.02084,0.99959,12.8915,0.56973,0.44524,0.47965,0.29913,1.48797,1.77064,0.02472,0,0,12.8915,0,12.8915,0,0.0672215,0.179933,3.00161,3.00161,0,1,13.5734,13.7705,11.3307,0.0083665,0.0083665,0.0083665,0.00418325,0.016733
68,12409.9,1.55562,2.09889,0.02063,0.99967,13.0114,0.56657,0.44698,0.48079,0.30038,1.48665,1.76714,0.02468,0,0,13.0114,0,13.0114,0,0.0678333,0.182694,3.00161,3.00161,0,1,13.7165,13.9254,11.3922,0.00834175,0.00834175,0.00834175,0.00417088,0.0166835
69,12591.3,1.54669,2.09329,0.02068,0.99962,12.881,0.56714,0.44998,0.48296,0.30187,1.48495,1.76281,0.02464,0,0,12.881,0,12.881,0,0.0671559,0.181681,3.00161,3.00161,0,1,13.5573,13.7735,11.3123,0.008317,0.008317,0.008317,0.0041585,0.016634
70,12772.5,1.54607,2.09377,0.02064,0.99946,12.8352,0.57276,0.45046,0.48442,0.30309,1.48304,1.75988,0.02459,0,0,12.8352,0,12.8352,0,0.0669159,0.18066,3.00161,3.00161,0,1,13.5328,13.7363,11.2367,0.00829225,0.00829225,0.00829225,0.00414612,0.0165845
71,12952.5,1.54882,2.08037,0.02057,0.9995,12.7989,0.57687,0.44993,0.48568,0.30435,1.48102,1.75766,0.02454,0,0,12.7989,0,12.7989,0,0.0667275,0.180927,3.00161,3.00161,0,1,13.4894,13.689,11.2182,0.0082675,0.0082675,0.0082675,0.00413375,0.016535
72,13132.4,1.5408,2.07725,0.02055,0.99985,12.8828,0.57916,0.45066,0.48651,0.30504,1.47936,1.75492,0.0245,0,0,12.8828,0,12.8828,0,0.0671607,0.182478,3.00161,3.00161,0,1,13.5774,13.8013,11.2695,0.00824275,0.00824275,0.00824275,0.00412138,0.0164855
73,13313.2,1.55232,2.0798,0.02058,0.99952,12.7828,0.58142,0.44905,0.48791,0.30619,1.47786,1.75201,0.02447,0,0,12.7828,0,12.7828,0,0.0666419,0.18055,3.00161,3.00161,0,1,13.4526,13.6619,11.2338,0.008218,0.008218,0.008218,0.004109,0.016436
74,13493.1,1.54268,2.07038,0.02044,0.99957,12.7672,0.58565,0.44817,0.48928,0.30748,1.47655,1.74886,0.02445,0,0,12.7671,0,12.7671,0,0.0665552,0.181398,3.00161,3.00161,0,1,13.445,13.6555,11.201,0.00819325,0.00819325,0.00819325,0.00409662,0.0163865
75,13675.9,1.54064,2.06915,0.02054,0.9997,12.7763,0.58816,0.44823,0.49075,0.30872,1.47453,1.74786,0.0244,0,0,12.7763,0,12.7763,0,0.0666128,0.181696,3.00161,3.00161,0,1,13.4492,13.6753,11.2044,0.0081685,0.0081685,0.0081685,0.00408425,0.016337
76,13857.6,1.54641,2.06485,0.02037,0.99964,12.7304,0.58998,0.44921,0.49197,0.30972,1.47325,1.74548,0.02437,0,0,12.7304,0,12.7304,0,0.0663645,0.181166,3.00161,3.00161,0,1,13.3851,13.6506,11.1556,0.00814375,0.00814375,0.00814375,0.00407187,0.0162875
77,14039.5,1.53798,2.05482,0.02032,0.99952,12.6512,0.58209,0.45449,0.4926,0.31056,1.47148,1.74425,0.02434,0,0,12.6513,0,12.6513,0,0.0659579,0.180772,3.00161,3.00161,0,1,13.316,13.5411,11.0967,0.008119,0.008119,0.008119,0.0040595,0.016238
78,14221.7,1.5344,2.03953,0.02035,0.99967,12.6964,0.58382,0.45457,0.49383,0.31134,1.47043,1.74158,0.02431,0,0,12.6964,0,12.6964,0,0.0661961,0.182523,3.00161,3.00161,0,1,13.3844,13.5906,11.1141,0.00809425,0.00809425,0.00809425,0.00404712,0.0161885
79,14402.4,1.53634,2.04923,0.0204,0.99958,12.6509,0.57852,0.45733,0.49492,0.31214,1.46913,1.73872,0.02428,0,0,12.6509,0,12.6509,0,0.0659542,0.180894,3.00161,3.00161,0,1,13.3014,13.5522,11.0992,0.0080695,0.0080695,0.0080695,0.00403475,0.016139
80,14583.5,1.53475,2.03905,0.02036,0.99998,12.6742,0.58453,0.45589,0.49583,0.31309,1.4675,1.73691,0.02423,0,0,12.6742,0,12.6742,0,0.0660754,0.182174,3.00161,3.00161,0,1,13.3506,13.567,11.105,0.00804475,0.00804475,0.00804475,0.00402237,0.0160895
81,14764.2,1.53184,2.02892,0.02026,0.9997,12.6672,0.58683,0.45579,0.49675,0.31378,1.46569,1.73442,0.02419,0,0,12.6672,0,12.6672,0,0.0660398,0.182796,3.00161,3.00161,0,1,13.3337,13.5563,11.1116,0.00802,0.00802,0.00802,0.00401,0.01604
82,14947.2,1.51813,2.03222,0.02019,0.99972,12.6838,0.58935,0.45309,0.49746,0.31453,1.46469,1.73105,0.02418,0,0,12.6838,0,12.6838,0,0.0661264,0.182896,3.00161,3.00161,0,1,13.3622,13.5618,11.1274,0.00799525,0.00799525,0.00799525,0.00399763,0.0159905
83,15129.9,1.52719,2.02117,0.02019,0.9998,12.6276,0.58587,0.45828,0.49824,0.3152,1.46243,1.72902,0.02412,0,0,12.6276,0,12.6276,0,0.0658328,0.18231,3.00161,3.00161,0,1,13.2873,13.5225,11.073,0.0079705,0.0079705,0.0079705,0.00398525,0.015941
84,15312,1.52186,2.02061,0.02001,0.99965,12.5873,0.58565,0.45942,0.49878,0.3159,1.46166,1.72656,0.02411,0,0,12.5873,0,12.5873,0,0.065623,0.182308,3.00161,3.00161,0,1,13.2574,13.4696,11.0351,0.00794575,0.00794575,0.00794575,0.00397287,0.0158915
85,15492.6,1.53214,2.0033,0.02011,0.99965,12.5242,0.58325,0.46134,0.49974,0.31644,1.45986,1.72534,0.02407,0,0,12.5241,0,12.5241,0,0.0652897,0.181864,3.00161,3.00161,0,1,13.2091,13.4066,10.9568,0.007921,0.007921,0.007921,0.0039605,0.015842
86,15673.7,1.52592,2.00722,0.02011,0.99976,12.8803,0.58733,0.46143,0.50052,0.31714,1.45844,1.72407,0.02404,0,0,12.8803,0,12.8803,0,0.0671508,0.187196,3.00161,3.00161,0,1,13.5668,13.7446,11.3296,0.00789625,0.00789625,0.00789625,0.00394813,0.0157925
87,15855.3,1.51904,2.00582,0.0201,0.99984,12.7831,0.59268,0.45774,0.50158,0.318,1.45809,1.72101,0.02403,0,0,12.7831,0,12.7831,0,0.0666523,0.185899,3.00161,3.00161,0,1,13.4301,13.6156,11.3037,0.0078715,0.0078715,0.0078715,0.00393575,0.015743
88,16036.6,1.51042,2.00167,0.02003,0.99981,12.7632,0.59282,0.45732,0.50231,0.3184,1.45749,1.71776,0.024,0,0,12.7632,0,12.7632,0,0.0665384,0.186031,3.00161,3.00161,0,1,13.4336,13.6066,11.2493,0.00784675,0.00784675,0.00784675,0.00392337,0.0156935
89,16217,1.51777,1.99268,0.02003,0.99969,12.6411,0.59163,0.45968,0.50324,0.31918,1.45624,1.71615,0.02397,0,0,12.6412,0,12.6412,0,0.0659046,0.184661,3.00161,3.00161,0,1,13.2954,13.5161,11.112,0.007822,0.007822,0.007822,0.003911,0.015644
90,16398.4,1.51603,1.99261,0.02,0.99973,12.6468,0.58978,0.46028,0.50416,0.31984,1.45533,1.71349,0.02396,0,0,12.6468,0,12.6468,0,0.0659307,0.184503,3.00161,3.00161,0,1,13.304,13.502,11.1345,0.00779725,0.00779725,0.00779725,0.00389863,0.0155945
91,16579.4,1.51667,1.99652,0.02007,0.99979,12.5829,0.59115,0.45962,0.50445,0.3203,1.45347,1.71284,0.02391,0,0,12.5829,0,12.5829,0,0.0656021,0.183581,3.00161,3.00161,0,1,13.2432,13.467,11.0386,0.0077725,0.0077725,0.0077725,0.00388625,0.015545
92,16760.1,1.51223,1.98167,0.01998,0.9997,12.5272,0.58783,0.46205,0.50512,0.3209,1.45263,1.71085,0.02389,0,0,12.5271,0,12.5271,0,0.0653102,0.183876,3.00161,3.00161,0,1,13.1868,13.4367,10.958,0.00774775,0.00774775,0.00774775,0.00387388,0.0154955
93,16940.8,1.50819,1.9768,0.01997,0.99992,12.5357,0.58917,0.46274,0.50585,0.32172,1.45112,1.70935,0.02385,0,0,12.5357,0,12.5357,0,0.0653541,0.184287,3.00161,3.00161,0,1,13.201,13.4554,10.9508,0.007723,0.007723,0.007723,0.0038615,0.015446
94,17123.1,1.52612,1.98311,0.01995,0.9999,12.4834,0.59159,0.46263,0.50658,0.32242,1.4502,1.70768,0.02382,0,0,12.4834,0,12.4834,0,0.0650894,0.182259,3.00161,3.00161,0,1,13.1545,13.3747,10.9212,0.00769825,0.00769825,0.00769825,0.00384913,0.0153965
95,17304,1.49654,1.96792,0.0197,0.99976,12.4649,0.58819,0.46494,0.50758,0.32302,1.44881,1.70626,0.02381,0,0,12.4649,0,12.4649,0,0.0649828,0.184277,3.00161,3.00161,0,1,13.154,13.3338,10.9068,0.0076735,0.0076735,0.0076735,0.00383675,0.015347
96,17486.1,1.50556,1.96683,0.01974,0.99986,12.4366,0.5905,0.46488,0.50815,0.32356,1.44797,1.70422,0.02378,0,0,12.4366,0,12.4366,0,0.0648387,0.183487,3.00161,3.00161,0,1,13.1021,13.3317,10.8761,0.00764875,0.00764875,0.00764875,0.00382438,0.0152975
97,17667.4,1.51576,1.96838,0.01981,0.99997,12.4598,0.59341,0.4643,0.50903,0.32424,1.44737,1.70266,0.02377,0,0,12.4598,0,12.4598,0,0.0649618,0.183519,3.00161,3.00161,0,1,13.1494,13.3552,10.8747,0.007624,0.007624,0.007624,0.003812,0.015248
98,17848.3,1.50795,1.95582,0.01981,0.99978,12.4624,0.5928,0.46684,0.50989,0.32488,1.44564,1.70143,0.02373,0,0,12.4624,0,12.4624,0,0.0649701,0.184241,3.00161,3.00161,0,1,13.1299,13.3622,10.8952,0.00759925,0.00759925,0.00759925,0.00379963,0.0151985
99,18031.7,1.50396,1.96538,0.01968,0.99978,12.3964,0.59147,0.46706,0.51066,0.32537,1.44502,1.69875,0.02372,0,0,12.3964,0,12.3964,0,0.0646256,0.183073,3.00161,3.00161,0,1,13.0578,13.2863,10.8452,0.0075745,0.0075745,0.0075745,0.00378725,0.015149
100,18214,1.50278,1.9473,0.01977,0.99978,12.3736,0.58874,0.47222,0.51104,0.32598,1.44475,1.69562,0.02372,0,0,12.3736,0,12.3736,0,0.0645096,0.183528,3.00161,3.00161,0,1,13.0503,13.2542,10.8163,0.00754975,0.00754975,0.00754975,0.00377488,0.0150995
101,18397.3,1.50168,1.94148,0.01956,0.99981,12.3926,0.58927,0.47144,0.51192,0.32657,1.44331,1.69494,0.02369,0,0,12.3926,0,12.3926,0,0.0646065,0.184308,3.00161,3.00161,0,1,13.0561,13.29,10.8317,0.007525,0.007525,0.007525,0.0037625,0.01505
102,18579.1,1.50533,1.95083,0.0198,0.99987,12.4233,0.5892,0.46984,0.51296,0.32739,1.44219,1.69362,0.02366,0,0,12.4233,0,12.4233,0,0.0647644,0.183992,3.00161,3.00161,0,1,13.1078,13.2965,10.8656,0.00750025,0.00750025,0.00750025,0.00375013,0.0150005
103,18760.7,1.4992,1.94375,0.01966,0.99986,12.3416,0.5865,0.4709,0.51382,0.32822,1.44253,1.68987,0.02367,0,0,12.3416,0,12.3416,0,0.0643427,0.183619,3.00161,3.00161,0,1,13.0057,13.2321,10.7869,0.0074755,0.0074755,0.0074755,0.00373775,0.014951
104,18942.2,1.49905,1.93571,0.01964,0.99992,12.3438,0.59063,0.47165,0.51425,0.32888,1.44133,1.6889,0.02365,0,0,12.3438,0,12.3438,0,0.0643593,0.183965,3.00161,3.00161,0,1,12.9989,13.2322,10.8005,0.00745075,0.00745075,0.00745075,0.00372537,0.0149015
105,19122.9,1.50135,1.93448,0.01962,0.99998,12.3005,0.59024,0.47392,0.51484,0.3293,1.44,1.68747,0.02362,0,0,12.3005,0,12.3005,0,0.0641283,0.183372,3.00161,3.00161,0,1,12.975,13.1994,10.7272,0.007426,0.007426,0.007426,0.003713,0.014852
106,19303.7,1.49079,1.94277,0.01946,0.99988,12.3245,0.59474,0.47292,0.5157,0.33014,1.43854,1.68621,0.02359,0,0,12.3245,0,12.3245,0,0.0642577,0.183822,3.00161,3.00161,0,1,12.9935,13.2131,10.7669,0.00740125,0.00740125,0.00740125,0.00370063,0.0148025
107,19484.2,1.48657,1.92193,0.0195,0.99984,12.3301,0.59223,0.47504,0.51694,0.33115,1.43865,1.68246,0.02359,0,0,12.3301,0,12.3301,0,0.0642881,0.185237,3.00161,3.00161,0,1,12.9922,13.2176,10.7804,0.0073765,0.0073765,0.0073765,0.00368825,0.014753
108,19665.6,1.49397,1.92759,0.01952,0.99993,12.3246,0.59772,0.47324,0.51777,0.33212,1.4374,1.68073,0.02355,0,0,12.3246,0,12.3246,0,0.0642504,0.184607,3.00161,3.00161,0,1,13.0009,13.2159,10.757,0.00735175,0.00735175,0.00735175,0.00367587,0.0147035
109,19846.5,1.5007,1.93779,0.01965,0.99989,12.3187,0.5998,0.47369,0.51876,0.33296,1.4362,1.67912,0.02353,0,0,12.3187,0,12.3187,0,0.0642245,0.183262,3.00161,3.00161,0,1,12.9851,13.2092,10.7618,0.007327,0.007327,0.007327,0.0036635,0.014654
110,20027,1.4981,1.92212,0.01943,0.99973,12.2703,0.59793,0.47572,0.51954,0.33376,1.43519,1.67667,0.0235,0,0,12.2703,0,12.2703,0,0.0639709,0.183728,3.00161,3.00161,0,1,12.9477,13.1537,10.7095,0.00730225,0.00730225,0.00730225,0.00365113,0.0146045
111,20210.1,1.49266,1.91046,0.01954,1.00015,12.2796,0.59817,0.47661,0.52006,0.33427,1.43421,1.67479,0.02348,0,0,12.2796,0,12.2796,0,0.064017,0.184449,3.00161,3.00161,0,1,12.9461,13.1559,10.7368,0.0072775,0.0072775,0.0072775,0.00363875,0.014555
112,20390.4,1.49251,1.91446,0.01945,0.99984,12.2903,0.60052,0.47639,0.52123,0.33538,1.43299,1.67248,0.02346,0,0,12.2903,0,12.2903,0,0.064078,0.184661,3.00161,3.00161,0,1,12.9407,13.1746,10.7555,0.00725275,0.00725275,0.00725275,0.00362637,0.0145055
113,20571.8,1.49185,1.91705,0.0195,0.9998,12.2364,0.60285,0.47632,0.52217,0.33596,1.43284,1.66867,0.02346,0,0,12.2364,0,12.2364,0,0.063795,0.183511,3.00161,3.00161,0,1,12.8879,13.1199,10.7013,0.007228,0.007228,0.007228,0.003614,0.014456
114,20752.7,1.48285,1.91167,0.0194,0.99999,12.2631,0.60011,0.47855,0.52276,0.33675,1.43125,1.66727,0.02342,0,0,12.2631,0,12.2631,0,0.0639341,0.184587,3.00161,3.00161,0,1,12.93,13.1517,10.7075,0.00720325,0.00720325,0.00720325,0.00360163,0.0144065
115,20933.8,1.47969,1.89755,0.01931,0.99985,12.2532,0.60213,0.47846,0.52349,0.33762,1.43036,1.66504,0.0234,0,0,12.2532,0,12.2532,0,0.0638798,0.185239,3.00161,3.00161,0,1,12.9173,13.1432,10.6992,0.0071785,0.0071785,0.0071785,0.00358925,0.014357
116,21114.8,1.48139,1.8957,0.0193,1,12.2377,0.6033,0.47755,0.52477,0.33858,1.42976,1.66312,0.02338,0,0,12.2377,0,12.2377,0,0.0637979,0.185371,3.00161,3.00161,0,1,12.9055,13.1228,10.6847,0.00715375,0.00715375,0.00715375,0.00357688,0.0143075
117,21296.1,1.48592,1.89832,0.01943,0.99989,12.2138,0.612,0.47381,0.52485,0.33927,1.42847,1.66139,0.02337,0,0,12.2138,0,12.2138,0,0.0636771,0.184438,3.00161,3.00161,0,1,12.8936,13.0817,10.6663,0.007129,0.007129,0.007129,0.0035645,0.014258
118,21477.9,1.47784,1.89649,0.01931,1.00007,12.1638,0.61056,0.47537,0.52585,0.33973,1.42701,1.65984,0.02335,0,0,12.1637,0,12.1637,0,0.0634184,0.184175,3.00161,3.00161,0,1,12.8149,13.0476,10.6288,0.00710425,0.00710425,0.00710425,0.00355212,0.0142085
119,21658.7,1.48162,1.89616,0.01948,0.99979,12.2023,0.60954,0.47597,0.52639,0.34036,1.42558,1.6584,0.02331,0,0,12.2023,0,12.2023,0,0.0636181,0.184584,3.00161,3.00161,0,1,12.8862,13.0673,10.6536,0.0070795,0.0070795,0.0070795,0.00353975,0.014159
120,21840.8,1.47092,1.87299,0.01942,0.99998,12.227,0.61306,0.47603,0.52698,0.34128,1.42406,1.65678,0.02328,0,0,12.2269,0,12.2269,0,0.063747,0.186749,3.00161,3.00161,0,1,12.8877,13.1098,10.6833,0.00705475,0.00705475,0.00705475,0.00352737,0.0141095
121,22021.6,1.48392,1.88741,0.01927,1.00001,12.2352,0.61209,0.47554,0.52765,0.34181,1.42315,1.65412,0.02326,0,0,12.2352,0,12.2352,0,0.0637887,0.18536,3.00161,3.00161,0,1,12.8953,13.109,10.7012,0.00703,0.00703,0.00703,0.003515,0.01406
122,22205.4,1.4854,1.87874,0.0193,0.99979,12.1679,0.61924,0.475,0.52871,0.34259,1.4221,1.65175,0.02323,0,0,12.1679,0,12.1679,0,0.0634374,0.184875,3.00161,3.00161,0,1,12.8383,13.0405,10.625,0.00700525,0.00700525,0.00700525,0.00350263,0.0140105
123,22387.8,1.47833,1.88301,0.01911,0.99987,12.1296,0.61931,0.47532,0.52963,0.34318,1.42143,1.64938,0.02324,0,0,12.1296,0,12.1296,0,0.0632348,0.184297,3.00161,3.00161,0,1,12.8022,12.9948,10.5917,0.0069805,0.0069805,0.0069805,0.00349025,0.013961
124,22567.7,1.47323,1.85938,0.0192,0.99995,12.1602,0.61947,0.47716,0.53025,0.34392,1.42009,1.64798,0.0232,0,0,12.1602,0,12.1602,0,0.0633957,0.186188,3.00161,3.00161,0,1,12.8352,13.0291,10.6163,0.00695575,0.00695575,0.00695575,0.00347788,0.0139115
125,22747.9,1.47684,1.86564,0.01928,0.99986,12.1895,0.61971,0.47793,0.53104,0.34464,1.42027,1.64427,0.02321,0,0,12.1895,0,12.1895,0,0.0635517,0.186002,3.00161,3.00161,0,1,12.8353,13.0644,10.6688,0.006931,0.006931,0.006931,0.0034655,0.013862
126,22927.6,1.47722,1.87315,0.01933,1.00003,12.1755,0.61883,0.47868,0.53197,0.34544,1.41947,1.64141,0.0232,0,0,12.1755,0,12.1755,0,0.0634735,0.185355,3.00161,3.00161,0,1,12.8244,13.0682,10.6339,0.00690625,0.00690625,0.00690625,0.00345313,0.0138125
127,23109.4,1.47498,1.86835,0.01916,0.99994,12.1098,0.6175,0.48186,0.53272,0.34631,1.41837,1.63946,0.02318,0,0,12.1098,0,12.1098,0,0.0631395,0.184865,3.00161,3.00161,0,1,12.7699,12.9941,10.5654,0.0068815,0.0068815,0.0068815,0.00344075,0.013763
128,23288.9,1.4763,1.8792,0.01903,0.9999,12.1239,0.61551,0.48356,0.53359,0.34705,1.41698,1.63779,0.02315,0,0,12.1239,0,12.1239,0,0.0632097,0.184754,3.00161,3.00161,0,1,12.7894,12.9972,10.5851,0.00685675,0.00685675,0.00685675,0.00342838,0.0137135
129,23469.5,1.46935,1.86142,0.01909,0.99996,12.0849,0.61955,0.48425,0.53505,0.34802,1.41653,1.63492,0.02314,0,0,12.0849,0,12.0849,0,0.0630022,0.185053,3.00161,3.00161,0,1,12.7375,12.9649,10.5524,0.006832,0.006832,0.006832,0.003416,0.013664
130,23649.8,1.46434,1.85277,0.01906,0.99991,12.0801,0.61967,0.48458,0.53586,0.34864,1.41572,1.6328,0.02313,0,0,12.0801,0,12.0801,0,0.0629803,0.185952,3.00161,3.00161,0,1,12.7559,12.9407,10.5436,0.00680725,0.00680725,0.00680725,0.00340363,0.0136145
131,23831.7,1.4649,1.86032,0.01904,0.99984,12.0837,0.61729,0.48718,0.53656,0.34921,1.41422,1.63118,0.02308,0,0,12.0837,0,12.0837,0,0.062996,0.185253,3.00161,3.00161,0,1,12.757,12.9383,10.5557,0.0067825,0.0067825,0.0067825,0.00339125,0.013565
132,24012.7,1.46737,1.86137,0.01912,1.00006,12.0775,0.62041,0.48696,0.53776,0.35023,1.41265,1.62911,0.02305,0,0,12.0775,0,12.0775,0,0.0629627,0.18479,3.00161,3.00161,0,1,12.7317,12.94,10.5609,0.00675775,0.00675775,0.00675775,0.00337887,0.0135155
133,24195.1,1.47231,1.85621,0.01908,1.00008,12.0804,0.61573,0.48853,0.53852,0.35081,1.41135,1.62791,0.02303,0,0,12.0803,0,12.0803,0,0.0629775,0.185191,3.00161,3.00161,0,1,12.7452,12.9487,10.5471,0.006733,0.006733,0.006733,0.0033665,0.013466
134,24375.8,1.46167,1.84261,0.01913,1.00003,12.0879,0.62471,0.48526,0.53917,0.35147,1.41007,1.62563,0.023,0,0,12.0879,0,12.0879,0,0.0630836,0.186515,3.00161,3.00161,0,1,12.7609,12.9696,10.5333,0.00670825,0.00670825,0.00670825,0.00335412,0.0134165
135,24557.3,1.46303,1.84223,0.01905,0.99978,12.0706,0.62431,0.48665,0.54021,0.3521,1.40941,1.62368,0.02299,0,0,12.0706,0,12.0706,0,0.0629276,0.185963,3.00161,3.00161,0,1,12.7277,12.9401,10.5441,0.0066835,0.0066835,0.0066835,0.00334175,0.013367
136,24738.9,1.46074,1.83856,0.01893,0.99998,12.0338,0.62901,0.48599,0.54082,0.35278,1.4086,1.6217,0.02297,0,0,12.0338,0,12.0338,0,0.0627394,0.185861,3.00161,3.00161,0,1,12.689,12.8927,10.5199,0.00665875,0.00665875,0.00665875,0.00332937,0.0133175
137,24921.3,1.46254,1.84667,0.01892,0.99996,12.11,0.62019,0.49071,0.54147,0.35338,1.40671,1.62074,0.02293,0,0,12.11,0,12.11,0,0.0631329,0.186635,3.00161,3.00161,0,1,12.7935,12.9681,10.5683,0.006634,0.006634,0.006634,0.003317,0.013268
138,25101.8,1.46283,1.84242,0.01888,1.00007,12.048,0.626,0.48929,0.54222,0.35411,1.40679,1.61606,0.02295,0,0,12.048,0,12.048,0,0.0628106,0.185661,3.00161,3.00161,0,1,12.7051,12.9162,10.5226,0.00660925,0.00660925,0.00660925,0.00330462,0.0132185
139,25283.5,1.46514,1.84144,0.019,0.99984,12.0589,0.62934,0.49003,0.54295,0.35492,1.40502,1.61489,0.02291,0,0,12.0589,0,12.0589,0,0.0628755,0.185812,3.00161,3.00161,0,1,12.7306,12.9213,10.525,0.0065845,0.0065845,0.0065845,0.00329225,0.013169
140,25464.9,1.4545,1.83591,0.0189,1.00006,12.0148,0.62926,0.49151,0.54413,0.35583,1.40459,1.61188,0.0229,0,0,12.0148,0,12.0148,0,0.0626421,0.185958,3.00161,3.00161,0,1,12.6895,12.8618,10.493,0.00655975,0.00655975,0.00655975,0.00327988,0.0131195
141,25645.3,1.45721,1.84415,0.01907,0.99994,12.084,0.62852,0.49292,0.54503,0.35633,1.40307,1.61054,0.02287,0,0,12.084,0,12.084,0,0.0630011,0.186016,3.00161,3.00161,0,1,12.7713,12.9587,10.5221,0.006535,0.006535,0.006535,0.0032675,0.01307
142,25825.6,1.45399,1.82459,0.0189,0.99991,12.0268,0.63011,0.49361,0.54613,0.3573,1.40296,1.60684,0.02287,0,0,12.0268,0,12.0268,0,0.062699,0.186683,3.00161,3.00161,0,1,12.6879,12.8712,10.5214,0.00651025,0.00651025,0.00651025,0.00325512,0.0130205
143,26006.1,1.45813,1.82812,0.01882,0.99988,11.9869,0.62663,0.49504,0.54718,0.35823,1.40192,1.60474,0.02285,0,0,11.9869,0,11.9869,0,0.0624951,0.185638,3.00161,3.00161,0,1,12.6374,12.842,10.4812,0.0064855,0.0064855,0.0064855,0.00324275,0.012971
144,26186.1,1.45996,1.82129,0.01881,1.00004,11.9967,0.62729,0.49648,0.54792,0.35897,1.40093,1.60285,0.02282,0,0,11.9967,0,11.9967,0,0.062546,0.186054,3.00161,3.00161,0,1,12.6611,12.8487,10.4803,0.00646075,0.00646075,0.00646075,0.00323038,0.0129215
145,26367.2,1.45291,1.8173,0.01877,0.99998,11.9482,0.62835,0.49686,0.54896,0.35956,1.39953,1.60153,0.02279,0,0,11.9482,0,11.9482,0,0.0622972,0.186013,3.00161,3.00161,0,1,12.6118,12.807,10.4257,0.006436,0.006436,0.006436,0.003218,0.012872
146,26547,1.4568,1.81478,0.01879,0.99995,11.9492,0.63292,0.49494,0.5494,0.36008,1.39809,1.60035,0.02277,0,0,11.9492,0,11.9492,0,0.062298,0.185553,3.00161,3.00161,0,1,12.602,12.8055,10.4402,0.00641125,0.00641125,0.00641125,0.00320562,0.0128225
147,26727.9,1.45319,1.81282,0.01886,1.00005,11.9428,0.63497,0.49475,0.55035,0.36092,1.39718,1.59879,0.02275,0,0,11.9428,0,11.9428,0,0.0622613,0.185838,3.00161,3.00161,0,1,12.5969,12.8001,10.4315,0.0063865,0.0063865,0.0063865,0.00319325,0.012773
148,26908.8,1.45442,1.80401,0.01885,0.99986,11.9833,0.63906,0.49371,0.5517,0.36183,1.39623,1.59647,0.02273,0,0,11.9833,0,11.9833,0,0.0624749,0.186879,3.00161,3.00161,0,1,12.6467,12.8327,10.4705,0.00636175,0.00636175,0.00636175,0.00318088,0.0127235
149,27089,1.44562,1.81664,0.01879,1.00005,11.9381,0.64121,0.49334,0.55261,0.36251,1.39506,1.59435,0.0227,0,0,11.9381,0,11.9381,0,0.0622374,0.185908,3.00161,3.00161,0,1,12.5946,12.7969,10.4227,0.006337,0.006337,0.006337,0.0031685,0.012674
150,27268.5,1.4565,1.81793,0.01882,0.99991,11.9632,0.63648,0.49475,0.55351,0.36327,1.39422,1.59241,0.02268,0,0,11.9632,0,11.9632,0,0.0623695,0.185755,3.00161,3.00161,0,1,12.651,12.8242,10.4143,0.00631225,0.00631225,0.00631225,0.00315612,0.0126245
151,27448.8,1.43692,1.81077,0.01887,0.99998,11.9355,0.63966,0.49498,0.5545,0.36414,1.39214,1.5915,0.02263,0,0,11.9355,0,11.9355,0,0.0622241,0.186498,3.00161,3.00161,0,1,12.5935,12.7919,10.4212,0.0062875,0.0062875,0.0062875,0.00314375,0.012575
152,27628,1.44822,1.80144,0.01863,1.0001,11.8946,0.64102,0.49299,0.55505,0.36484,1.39114,1.58852,0.0226,0,0,11.8946,0,11.8946,0,0.0620102,0.186129,3.00161,3.00161,0,1,12.5649,12.7609,10.3579,0.00626275,0.00626275,0.00626275,0.00313138,0.0125255
153,27807.2,1.4471,1.80224,0.01866,0.99994,11.9072,0.6406,0.49382,0.55565,0.36564,1.39004,1.58616,0.02258,0,0,11.9072,0,11.9072,0,0.0620828,0.185994,3.00161,3.00161,0,1,12.5775,12.7626,10.3816,0.006238,0.006238,0.006238,0.003119,0.012476
154,27986.8,1.4395,1.79732,0.0188,0.9998,11.9015,0.63935,0.49586,0.55646,0.36624,1.38993,1.58258,0.02257,0,0,11.9015,0,11.9015,0,0.0620502,0.186538,3.00161,3.00161,0,1,12.5558,12.7499,10.3988,0.00621325,0.00621325,0.00621325,0.00310662,0.0124265
155,28167.3,1.44618,1.80628,0.01866,1.00011,11.8825,0.63847,0.49728,0.55732,0.36691,1.38839,1.58146,0.02254,0,0,11.8825,0,11.8825,0,0.0619476,0.185408,3.00161,3.00161,0,1,12.5489,12.7301,10.3683,0.0061885,0.0061885,0.0061885,0.00309425,0.012377
156,28347.7,1.43946,1.78886,0.01864,1,11.8641,0.63822,0.49867,0.55794,0.36787,1.38751,1.57869,0.02253,0,0,11.8641,0,11.8641,0,0.0618515,0.186502,3.00161,3.00161,0,1,12.5299,12.7122,10.3501,0.00616375,0.00616375,0.00616375,0.00308187,0.0123275
157,28526.6,1.44396,1.79918,0.01878,1.00001,11.9011,0.63661,0.50013,0.55835,0.36839,1.38685,1.57618,0.02251,0,0,11.9011,0,11.9011,0,0.0620438,0.185949,3.00161,3.00161,0,1,12.5771,12.7389,10.3874,0.006139,0.006139,0.006139,0.0030695,0.012278
158,28705.6,1.43708,1.79207,0.01865,0.99984,11.8566,0.63762,0.49962,0.55887,0.36882,1.3846,1.57641,0.02245,0,0,11.8566,0,11.8566,0,0.0618153,0.186092,3.00161,3.00161,0,1,12.5193,12.7058,10.3447,0.00611425,0.00611425,0.00611425,0.00305712,0.0122285
159,28885.3,1.44602,1.79363,0.01869,0.99998,11.8633,0.63074,0.50561,0.55972,0.36959,1.3835,1.57332,0.02244,0,0,11.8633,0,11.8633,0,0.061853,0.185574,3.00161,3.00161,0,1,12.5277,12.7245,10.3377,0.0060895,0.0060895,0.0060895,0.00304475,0.012179
160,29063.9,1.43869,1.79337,0.01852,1.00005,11.8322,0.63259,0.50487,0.56015,0.37014,1.38218,1.5713,0.02241,0,0,11.8321,0,11.8321,0,0.0616834,0.185547,3.00161,3.00161,0,1,12.4927,12.6975,10.3063,0.00606475,0.00606475,0.00606475,0.00303237,0.0121295
161,29245.3,1.43107,1.78231,0.01848,1.00006,11.8371,0.62952,0.50655,0.56075,0.3707,1.38035,1.57007,0.02237,0,0,11.8371,0,11.8371,0,0.0617134,0.186692,3.00161,3.00161,0,1,12.5056,12.684,10.3219,0.00604,0.00604,0.00604,0.00302,0.01208
162,29428.2,1.43857,1.78294,0.0185,0.99982,11.8125,0.62811,0.50601,0.56115,0.3714,1.37866,1.56873,0.02232,0,0,11.8124,0,11.8124,0,0.0615833,0.185837,3.00161,3.00161,0,1,12.4652,12.656,10.3161,0.00601525,0.00601525,0.00601525,0.00300762,0.0120305
163,29640.3,1.4352,1.78516,0.01867,1.00003,11.8345,0.62289,0.50977,0.56212,0.3719,1.37753,1.56638,0.02229,0,0,11.8345,0,11.8345,0,0.0616977,0.186015,3.00161,3.00161,0,1,12.5068,12.6798,10.3169,0.0059905,0.0059905,0.0059905,0.00299525,0.011981
164,29846.5,1.43252,1.78,0.01853,0.99995,11.8051,0.62774,0.50967,0.56322,0.37296,1.37671,1.56364,0.02228,0,0,11.8051,0,11.8051,0,0.0615446,0.18609,3.00161,3.00161,0,1,12.4695,12.6574,10.2883,0.00596575,0.00596575,0.00596575,0.00298288,0.0119315
165,30073.5,1.4385,1.77603,0.01851,1.00011,11.8065,0.63262,0.50955,0.56461,0.37411,1.37489,1.56202,0.02223,0,0,11.8066,0,11.8066,0,0.0615513,0.186025,3.00161,3.00161,0,1,12.4563,12.657,10.3064,0.005941,0.005941,0.005941,0.0029705,0.011882
166,30265.2,1.42483,1.77791,0.01847,0.99989,11.831,0.63297,0.50969,0.56541,0.37497,1.37355,1.56021,0.02219,0,0,11.8311,0,11.8311,0,0.0616806,0.187065,3.00161,3.00161,0,1,12.4908,12.694,10.3084,0.00591625,0.00591625,0.00591625,0.00295813,0.0118325
167,30451.2,1.435,1.76443,0.0185,1.00009,11.7825,0.63603,0.51022,0.56647,0.37593,1.37303,1.55629,0.02218,0,0,11.7824,0,11.7824,0,0.0614267,0.186359,3.00161,3.00161,0,1,12.4436,12.631,10.2728,0.0058915,0.0058915,0.0058915,0.00294575,0.011783
168,30637.2,1.43678,1.77727,0.01855,0.99989,11.8037,0.63725,0.50955,0.56735,0.37654,1.37221,1.55384,0.02215,0,0,11.8037,0,11.8037,0,0.0615417,0.186074,3.00161,3.00161,0,1,12.4372,12.6531,10.3208,0.00586675,0.00586675,0.00586675,0.00293338,0.0117335
169,30818.4,1.43016,1.76548,0.01854,1.00003,11.7891,0.63812,0.51039,0.56806,0.37752,1.37136,1.55024,0.02214,0,0,11.7891,0,11.7891,0,0.061456,0.186361,3.00161,3.00161,0,1,12.4384,12.6336,10.2953,0.005842,0.005842,0.005842,0.002921,0.011684
170,31004.3,1.42976,1.77327,0.01837,1.00002,11.8578,0.63659,0.51083,0.56858,0.37796,1.37003,1.54857,0.02212,0,0,11.8578,0,11.8578,0,0.0618196,0.187117,3.00161,3.00161,0,1,12.548,12.7136,10.3119,0.00581725,0.00581725,0.00581725,0.00290863,0.0116345
171,31193,1.43705,1.76462,0.01839,0.99991,11.7475,0.63737,0.51206,0.56939,0.37866,1.36943,1.54542,0.02211,0,0,11.7475,0,11.7475,0,0.0612441,0.185757,3.00161,3.00161,0,1,12.3976,12.5979,10.2471,0.0057925,0.0057925,0.0057925,0.00289625,0.011585
172,31385,1.43597,1.75662,0.01837,1.00003,11.7269,0.63945,0.51249,0.57017,0.37934,1.36789,1.54434,0.02208,0,0,11.7269,0,11.7269,0,0.061135,0.185773,3.00161,3.00161,0,1,12.3783,12.586,10.2162,0.00576775,0.00576775,0.00576775,0.00288388,0.0115355
173,31571.2,1.42549,1.76341,0.01831,0.9999,11.733,0.63985,0.51311,0.57102,0.38026,1.3668,1.54225,0.02205,0,0,11.733,0,11.733,0,0.0611697,0.185908,3.00161,3.00161,0,1,12.3674,12.5849,10.2468,0.005743,0.005743,0.005743,0.0028715,0.011486
174,31757.3,1.43542,1.77135,0.01851,1.00008,11.7674,0.64167,0.51322,0.57179,0.38099,1.36578,1.54059,0.02203,0,0,11.7674,0,11.7674,0,0.0613465,0.1855,3.00161,3.00161,0,1,12.4138,12.6136,10.2747,0.00571825,0.00571825,0.00571825,0.00285913,0.0114365
175,31942.1,1.43113,1.75117,0.01842,1.00002,11.7371,0.64062,0.51345,0.57269,0.38158,1.36506,1.53853,0.02202,0,0,11.7371,0,11.7371,0,0.0611904,0.186065,3.00161,3.00161,0,1,12.3729,12.5837,10.2546,0.0056935,0.0056935,0.0056935,0.00284675,0.011387
176,32126.9,1.43178,1.75534,0.0184,1.00004,11.7614,0.63843,0.51665,0.57352,0.38251,1.36369,1.53724,0.02198,0,0,11.7614,0,11.7614,0,0.0613208,0.186487,3.00161,3.00161,0,1,12.4213,12.6045,10.2584,0.00566875,0.00566875,0.00566875,0.00283438,0.0113375
177,32311.5,1.43384,1.75543,0.01841,0.99987,11.7379,0.64063,0.51615,0.57466,0.38336,1.36224,1.53537,0.02195,0,0,11.7379,0,11.7379,0,0.061193,0.185922,3.00161,3.00161,0,1,12.3908,12.5987,10.2241,0.005644,0.005644,0.005644,0.002822,0.011288
178,32497.7,1.43333,1.7467,0.01829,1.00006,11.6882,0.64235,0.51649,0.5754,0.38427,1.3613,1.53301,0.02192,0,0,11.6882,0,11.6882,0,0.060933,0.185472,3.00161,3.00161,0,1,12.3345,12.5381,10.1921,0.00561925,0.00561925,0.00561925,0.00280963,0.0112385
179,32681.9,1.42329,1.73877,0.01831,1.00002,11.6856,0.64189,0.51888,0.57641,0.38523,1.3597,1.53192,0.02189,0,0,11.6856,0,11.6856,0,0.0609276,0.186407,3.00161,3.00161,0,1,12.3367,12.5252,10.195,0.0055945,0.0055945,0.0055945,0.00279725,0.011189
180,32865.5,1.42237,1.75123,0.01836,0.99998,11.6726,0.6387,0.52109,0.57721,0.38595,1.35972,1.52829,0.02188,0,0,11.6726,0,11.6726,0,0.0608564,0.185447,3.00161,3.00161,0,1,12.3201,12.522,10.1756,0.00556975,0.00556975,0.00556975,0.00278488,0.0111395
181,33048,1.42389,1.74496,0.01835,0.99996,11.6994,0.64139,0.5218,0.57791,0.38698,1.3578,1.52654,0.02183,0,0,11.6994,0,11.6994,0,0.0609905,0.186092,3.00161,3.00161,0,1,12.351,12.5456,10.2017,0.005545,0.005545,0.005545,0.0027725,0.01109
182,33231.2,1.43055,1.74873,0.01834,1.00013,11.6684,0.64296,0.52223,0.5781,0.38772,1.35635,1.52537,0.02178,0,0,11.6684,0,11.6684,0,0.0608317,0.185101,3.00161,3.00161,0,1,12.321,12.5069,10.1773,0.00552025,0.00552025,0.00552025,0.00276012,0.0110405
183,33412.2,1.41972,1.74409,0.01827,0.99995,11.6809,0.64233,0.52171,0.57859,0.38815,1.35534,1.52364,0.02175,0,0,11.6809,0,11.6809,0,0.0608974,0.186013,3.00161,3.00161,0,1,12.3147,12.5284,10.1995,0.0054955,0.0054955,0.0054955,0.00274775,0.010991
184,33592.3,1.42429,1.74287,0.01819,0.99996,11.6424,0.63964,0.52435,0.57927,0.38898,1.35408,1.52276,0.02171,0,0,11.6424,0,11.6424,0,0.0606985,0.185422,3.00161,3.00161,0,1,12.2945,12.4774,10.1553,0.00547075,0.00547075,0.00547075,0.00273537,0.0109415
185,33774,1.41711,1.72943,0.01822,0.99983,11.63,0.64232,0.52431,0.57983,0.38965,1.35409,1.51945,0.02172,0,0,11.63,0,11.63,0,0.0606318,0.186065,3.00161,3.00161,0,1,12.2564,12.4854,10.1481,0.005446,0.005446,0.005446,0.002723,0.010892
186,33957,1.41986,1.73342,0.01816,1.00008,11.6941,0.64305,0.52449,0.58082,0.39056,1.35309,1.51783,0.02171,0,0,11.6941,0,11.6941,0,0.0609681,0.186714,3.00161,3.00161,0,1,12.3593,12.5456,10.1774,0.00542125,0.00542125,0.00542125,0.00271062,0.0108425
187,34139.5,1.42511,1.73351,0.0182,0.99991,11.6399,0.64035,0.52673,0.58157,0.39097,1.35201,1.5157,0.02167,0,0,11.6399,0,11.6399,0,0.0606837,0.185535,3.00161,3.00161,0,1,12.2776,12.4835,10.1585,0.0053965,0.0053965,0.0053965,0.00269825,0.010793
188,34322,1.41846,1.72769,0.01825,1.00009,11.6534,0.64251,0.52622,0.58298,0.39196,1.35127,1.51371,0.02166,0,0,11.6534,0,11.6534,0,0.0607506,0.186408,3.00161,3.00161,0,1,12.3032,12.4814,10.1756,0.00537175,0.00537175,0.00537175,0.00268587,0.0107435
189,34506.1,1.41761,1.73128,0.01821,1,11.6174,0.64269,0.52751,0.5837,0.39268,1.35018,1.5114,0.02163,0,0,11.6173,0,11.6173,0,0.0605666,0.185721,3.00161,3.00161,0,1,12.2595,12.4524,10.1402,0.005347,0.005347,0.005347,0.0026735,0.010694
190,34687.9,1.41506,1.73096,0.01815,0.99997,11.625,0.64529,0.52644,0.58446,0.3935,1.34973,1.50959,0.02161,0,0,11.625,0,11.625,0,0.0606063,0.186072,3.00161,3.00161,0,1,12.2853,12.4579,10.1318,0.00532225,0.00532225,0.00532225,0.00266113,0.0106445
191,34873.2,1.4147,1.72413,0.01802,0.99991,11.609,0.64683,0.52785,0.5856,0.39445,1.34933,1.50684,0.0216,0,0,11.609,0,11.609,0,0.0605216,0.186072,3.00161,3.00161,0,1,12.2709,12.4446,10.1116,0.0052975,0.0052975,0.0052975,0.00264875,0.010595
192,35059.4,1.41337,1.72012,0.01804,1.00006,11.5913,0.64558,0.53055,0.58666,0.3951,1.34792,1.50565,0.02157,0,0,11.5913,0,11.5913,0,0.0604248,0.186155,3.00161,3.00161,0,1,12.2302,12.4386,10.1052,0.00527275,0.00527275,0.00527275,0.00263637,0.0105455
193,35242.8,1.41349,1.72047,0.01808,1.00003,11.591,0.64529,0.53208,0.58716,0.39577,1.34742,1.50361,0.02156,0,0,11.591,0,11.591,0,0.0604273,0.185931,3.00161,3.00161,0,1,12.2476,12.4317,10.0936,0.005248,0.005248,0.005248,0.002624,0.010496
194,35429.8,1.41092,1.72399,0.01816,1,11.5948,0.6451,0.53291,0.58708,0.39606,1.3466,1.5022,0.02155,0,0,11.5948,0,11.5948,0,0.0604533,0.185899,3.00161,3.00161,0,1,12.2394,12.4201,10.1248,0.00522325,0.00522325,0.00522325,0.00261163,0.0104465
195,35616.8,1.42324,1.71312,0.01824,1.00002,11.584,0.6479,0.5311,0.5881,0.39647,1.34568,1.50033,0.02153,0,0,11.584,0,11.584,0,0.0603917,0.185584,3.00161,3.00161,0,1,12.2322,12.4203,10.0994,0.0051985,0.0051985,0.0051985,0.00259925,0.010397
196,35802.6,1.42276,1.71427,0.01815,0.99998,11.5687,0.65103,0.53119,0.58871,0.39713,1.34538,1.49767,0.02152,0,0,11.5687,0,11.5687,0,0.0603074,0.185369,3.00161,3.00161,0,1,12.2109,12.4035,10.0916,0.00517375,0.00517375,0.00517375,0.00258687,0.0103475
197,35987.5,1.40601,1.70874,0.01807,0.99984,11.5635,0.65394,0.53189,0.58998,0.39815,1.34501,1.49526,0.02151,0,0,11.5635,0,11.5635,0,0.0602847,0.186268,3.00161,3.00161,0,1,12.2092,12.3931,10.0883,0.005149,0.005149,0.005149,0.0025745,0.010298
198,36175.5,1.41301,1.71002,0.01801,1.00014,11.6587,0.65669,0.53212,0.5911,0.39886,1.3445,1.49267,0.0215,0,0,11.6587,0,11.6587,0,0.0607796,0.187636,3.00161,3.00161,0,1,12.337,12.4995,10.1395,0.00512425,0.00512425,0.00512425,0.00256213,0.0102485
199,36362.3,1.4087,1.7069,0.01796,0.99989,11.5538,0.65489,0.53147,0.59157,0.3994,1.34336,1.49125,0.02148,0,0,11.5538,0,11.5538,0,0.0602333,0.186187,3.00161,3.00161,0,1,12.2081,12.3904,10.0628,0.0050995,0.0050995,0.0050995,0.00254975,0.010199
200,36551.3,1.40715,1.71703,0.018,0.99993,11.5728,0.65921,0.53123,0.59218,0.39991,1.34165,1.4905,0.02143,0,0,11.5728,0,11.5728,0,0.0603337,0.185968,3.00161,3.00161,0,1,12.2013,12.4132,10.1038,0.00507475,0.00507475,0.00507475,0.00253737,0.0101495
201,36735.4,1.41475,1.70039,0.01806,1.00009,11.5454,0.66116,0.53079,0.59263,0.40022,1.34085,1.48841,0.02141,0,0,11.5454,0,11.5454,0,0.0601892,0.18593,3.00161,3.00161,0,1,12.1938,12.3765,10.0661,0.00505,0.00505,0.00505,0.002525,0.0101
202,36922.4,1.40098,1.7,0.01797,0.99993,11.5366,0.66551,0.53023,0.59378,0.4011,1.3402,1.48638,0.0214,0,0,11.5366,0,11.5366,0,0.0601455,0.186532,3.00161,3.00161,0,1,12.1826,12.3617,10.0656,0.00502525,0.00502525,0.00502525,0.00251263,0.0100505
203,37112.4,1.40476,1.70643,0.01796,1.00014,11.5339,0.66613,0.53074,0.59442,0.40171,1.33951,1.48476,0.02138,0,0,11.5339,0,11.5339,0,0.0601336,0.185946,3.00161,3.00161,0,1,12.1809,12.3612,10.0596,0.0050005,0.0050005,0.0050005,0.00250025,0.010001
204,37298.2,1.40214,1.69819,0.01792,0.99985,11.5102,0.6659,0.53213,0.59544,0.40269,1.33855,1.48314,0.02136,0,0,11.5102,0,11.5102,0,0.0600072,0.185976,3.00161,3.00161,0,1,12.1546,12.342,10.0338,0.00497575,0.00497575,0.00497575,0.00248788,0.0099515
205,37484.8,1.40696,1.7001,0.01802,1.00012,11.5051,0.66676,0.53179,0.59636,0.40326,1.33794,1.48078,0.02135,0,0,11.5051,0,11.5051,0,0.0599817,0.185539,3.00161,3.00161,0,1,12.1481,12.3326,10.0348,0.004951,0.004951,0.004951,0.0024755,0.009902
206,37666.9,1.40135,1.69937,0.01789,1.00004,11.4801,0.66848,0.53194,0.59718,0.40402,1.33742,1.47873,0.02133,0,0,11.4801,0,11.4801,0,0.0598508,0.185541,3.00161,3.00161,0,1,12.1066,12.3303,10.0033,0.00492625,0.00492625,0.00492625,0.00246313,0.0098525
207,37847.4,1.40849,1.70169,0.01795,0.99982,11.5145,0.67504,0.53012,0.59813,0.40474,1.33646,1.47698,0.0213,0,0,11.5145,0,11.5145,0,0.0600281,0.185536,3.00161,3.00161,0,1,12.1608,12.347,10.0357,0.0049015,0.0049015,0.0049015,0.00245075,0.009803
208,38028,1.39601,1.69486,0.01782,1.00005,11.4795,0.67156,0.53381,0.5991,0.4057,1.33648,1.47376,0.0213,0,0,11.4795,0,11.4795,0,0.0598479,0.185961,3.00161,3.00161,0,1,12.1125,12.3119,10.014,0.00487675,0.00487675,0.00487675,0.00243838,0.0097535
209,38211.6,1.39692,1.68688,0.01782,1.00012,11.5111,0.66947,0.53423,0.60012,0.40649,1.33618,1.47106,0.02128,0,0,11.5111,0,11.5111,0,0.0600132,0.186831,3.00161,3.00161,0,1,12.1339,12.347,10.0525,0.004852,0.004852,0.004852,0.002426,0.009704
210,38398.2,1.4005,1.69458,0.01787,1,11.4967,0.66913,0.53654,0.60102,0.4071,1.33516,1.46933,0.02126,0,0,11.4967,0,11.4967,0,0.0599378,0.185894,3.00161,3.00161,0,1,12.1286,12.3428,10.0188,0.00482725,0.00482725,0.00482725,0.00241362,0.0096545
211,38586,1.39739,1.68856,0.01788,0.9999,11.4794,0.67065,0.53616,0.60203,0.40795,1.33494,1.46704,0.02125,0,0,11.4794,0,11.4794,0,0.0598481,0.185993,3.00161,3.00161,0,1,12.1073,12.3134,10.0175,0.0048025,0.0048025,0.0048025,0.00240125,0.009605
212,38773.3,1.40615,1.68274,0.01793,1.00008,11.4509,0.67462,0.5358,0.60289,0.40876,1.33508,1.46341,0.02125,0,0,11.4509,0,11.4509,0,0.0596963,0.18524,3.00161,3.00161,0,1,12.0781,12.287,9.9875,0.00477775,0.00477775,0.00477775,0.00238888,0.0095555
213,38960.5,1.40482,1.68532,0.01781,0.99999,11.4771,0.67299,0.53818,0.60382,0.40963,1.33459,1.46107,0.02124,0,0,11.4771,0,11.4771,0,0.0598362,0.185959,3.00161,3.00161,0,1,12.1138,12.3004,10.0172,0.004753,0.004753,0.004753,0.0023765,0.009506
214,39148.5,1.39714,1.68372,0.01781,1.00001,11.4413,0.67484,0.53716,0.60457,0.41027,1.33395,1.45962,0.02122,0,0,11.4413,0,11.4413,0,0.05965,0.185675,3.00161,3.00161,0,1,12.0761,12.2862,9.9615,0.00472825,0.00472825,0.00472825,0.00236413,0.0094565
215,39332.8,1.39565,1.67728,0.0177,0.99994,11.4314,0.67484,0.5367,0.60535,0.41083,1.33308,1.45853,0.02121,0,0,11.4314,0,11.4314,0,0.0595952,0.185976,3.00161,3.00161,0,1,12.0789,12.2587,9.95652,0.0047035,0.0047035,0.0047035,0.00235175,0.009407
216,39520.5,1.39358,1.67395,0.01796,1.00001,11.5027,0.67225,0.54046,0.60626,0.4117,1.33236,1.4571,0.02118,0,0,11.5027,0,11.5027,0,0.0599681,0.187201,3.00161,3.00161,0,1,12.1463,12.3482,10.0135,0.00467875,0.00467875,0.00467875,0.00233938,0.0093575
217,39710.8,1.39881,1.6867,0.01772,0.99989,11.4164,0.6733,0.5388,0.60688,0.41221,1.33214,1.4548,0.02118,0,0,11.4164,0,11.4164,0,0.0595202,0.185106,3.00161,3.00161,0,1,12.0444,12.2564,9.94823,0.004654,0.004654,0.004654,0.002327,0.009308
218,39895.6,1.38999,1.67361,0.01773,1.00015,11.4343,0.67161,0.54044,0.60782,0.41283,1.33114,1.45312,0.02115,0,0,11.4343,0,11.4343,0,0.059612,0.186245,3.00161,3.00161,0,1,12.0601,12.2621,9.98068,0.00462925,0.00462925,0.00462925,0.00231463,0.0092585
219,40081.3,1.38954,1.67141,0.01773,0.99995,11.3951,0.6765,0.53852,0.60835,0.41319,1.33059,1.45093,0.02114,0,0,11.3951,0,11.3951,0,0.0594064,0.185784,3.00161,3.00161,0,1,12.0272,12.2256,9.93248,0.0046045,0.0046045,0.0046045,0.00230225,0.009209
220,40267.8,1.38733,1.66586,0.01773,0.99995,11.3777,0.67691,0.53942,0.6091,0.41363,1.32946,1.44997,0.02111,0,0,11.3777,0,11.3777,0,0.0593172,0.185986,3.00161,3.00161,0,1,12.0086,12.1968,9.92755,0.00457975,0.00457975,0.00457975,0.00228988,0.0091595
221,40461.4,1.39177,1.66672,0.01768,0.99991,11.3885,0.67862,0.53833,0.60981,0.41416,1.32918,1.44772,0.02111,0,0,11.3885,0,11.3885,0,0.0593743,0.185801,3.00161,3.00161,0,1,12.0323,12.2093,9.92396,0.004555,0.004555,0.004555,0.0022775,0.00911
222,40651.8,1.39843,1.66681,0.01769,1.00017,11.4031,0.67809,0.53931,0.61014,0.41441,1.3294,1.44475,0.02112,0,0,11.4031,0,11.4031,0,0.0594488,0.185534,3.00161,3.00161,0,1,12.0282,12.2346,9.94663,0.00453025,0.00453025,0.00453025,0.00226513,0.0090605
223,40841.5,1.38824,1.65882,0.01763,0.99985,11.3885,0.67578,0.54112,0.61055,0.41492,1.32915,1.44285,0.02111,0,0,11.3885,0,11.3885,0,0.0593719,0.186455,3.00161,3.00161,0,1,12.0149,12.2205,9.92997,0.0045055,0.0045055,0.0045055,0.00225275,0.009011
224,41030.3,1.39402,1.65404,0.01764,1.00007,11.3543,0.67954,0.5412,0.61108,0.415,1.32844,1.44134,0.02109,0,0,11.3543,0,11.3543,0,0.0591954,0.185702,3.00161,3.00161,0,1,11.9709,12.1745,9.91761,0.00448075,0.00448075,0.00448075,0.00224038,0.0089615
225,41217.7,1.38566,1.65431,0.0176,0.99999,11.3534,0.68067,0.54056,0.61147,0.41559,1.32849,1.43906,0.02109,0,0,11.3534,0,11.3534,0,0.0591904,0.186185,3.00161,3.00161,0,1,11.9798,12.1757,9.90477,0.004456,0.004456,0.004456,0.002228,0.008912
226,41401.5,1.39387,1.66219,0.0177,1.00004,11.3488,0.67947,0.54101,0.61202,0.41609,1.32775,1.4376,0.02108,0,0,11.3488,0,11.3488,0,0.0591636,0.184926,3.00161,3.00161,0,1,11.9547,12.1794,9.9123,0.00443125,0.00443125,0.00443125,0.00221563,0.0088625
227,41587.5,1.38936,1.65565,0.0176,1,11.3427,0.68223,0.5422,0.61297,0.41688,1.32724,1.436,0.02108,0,0,11.3427,0,11.3427,0,0.0591323,0.185654,3.00161,3.00161,0,1,11.963,12.1707,9.89432,0.0044065,0.0044065,0.0044065,0.00220325,0.008813
228,41771.9,1.38661,1.64544,0.01774,1.00007,11.3494,0.68186,0.54501,0.61354,0.41737,1.32684,1.43403,0.02107,0,0,11.3494,0,11.3494,0,0.059168,0.186246,3.00161,3.00161,0,1,11.9762,12.1738,9.8981,0.00438175,0.00438175,0.00438175,0.00219088,0.0087635
229,41957.4,1.3877,1.65074,0.01762,0.99998,11.3254,0.6788,0.5476,0.61365,0.41768,1.32633,1.43272,0.02105,0,0,11.3254,0,11.3254,0,0.0590427,0.185489,3.00161,3.00161,0,1,11.9468,12.165,9.86427,0.004357,0.004357,0.004357,0.0021785,0.008714
230,42141.6,1.39105,1.65187,0.01764,1.00002,11.3225,0.67821,0.54721,0.61415,0.41804,1.32564,1.43122,0.02104,0,0,11.3225,0,11.3225,0,0.0590258,0.185012,3.00161,3.00161,0,1,11.9401,12.1546,9.87274,0.00433225,0.00433225,0.00433225,0.00216613,0.0086645
231,42325.2,1.38009,1.64993,0.01755,0.99996,11.3334,0.6775,0.54821,0.6149,0.41878,1.32544,1.42909,0.02104,0,0,11.3334,0,11.3334,0,0.0590874,0.185878,3.00161,3.00161,0,1,11.9653,12.1722,9.86267,0.0043075,0.0043075,0.0043075,0.00215375,0.008615
232,42508.4,1.38671,1.64855,0.0176,1.00007,11.3085,0.68055,0.54937,0.6157,0.41942,1.32486,1.4274,0.02103,0,0,11.3085,0,11.3085,0,0.0589541,0.185173,3.00161,3.00161,0,1,11.9297,12.1346,9.86127,0.00428275,0.00428275,0.00428275,0.00214138,0.0085655
233,42692.5,1.379,1.63762,0.0176,0.99991,11.3344,0.68016,0.55135,0.61689,0.42031,1.32429,1.42525,0.02102,0,0,11.3344,0,11.3344,0,0.0590924,0.186861,3.00161,3.00161,0,1,11.9639,12.1593,9.88002,0.004258,0.004258,0.004258,0.002129,0.008516
234,42877.2,1.38324,1.64054,0.01749,1.00012,11.2696,0.68029,0.55191,0.61759,0.42102,1.32319,1.42359,0.02099,0,0,11.2696,0,11.2696,0,0.0587526,0.185066,3.00161,3.00161,0,1,11.8828,12.0965,9.82942,0.00423325,0.00423325,0.00423325,0.00211663,0.0084665
235,43061.4,1.37577,1.64562,0.01757,0.99978,11.2921,0.68194,0.55256,0.61835,0.4216,1.32209,1.42207,0.02096,0,0,11.2921,0,11.2921,0,0.0588669,0.185635,3.00161,3.00161,0,1,11.9041,12.1343,9.83794,0.0042085,0.0042085,0.0042085,0.00210425,0.008417
236,43245.9,1.37567,1.63782,0.0175,1.0002,11.2737,0.68035,0.55187,0.61879,0.42194,1.32085,1.42141,0.02094,0,0,11.2737,0,11.2737,0,0.0587725,0.185854,3.00161,3.00161,0,1,11.883,12.1002,9.83785,0.00418375,0.00418375,0.00418375,0.00209187,0.0083675
237,43427.9,1.37549,1.63898,0.01739,0.99996,11.2408,0.67759,0.55364,0.61956,0.42246,1.32128,1.41832,0.02094,0,0,11.2408,0,11.2408,0,0.0586003,0.185197,3.00161,3.00161,0,1,11.8394,12.073,9.80993,0.004159,0.004159,0.004159,0.0020795,0.008318
238,43611.3,1.36987,1.62623,0.01738,0.99984,11.2577,0.6791,0.55455,0.62012,0.42289,1.32031,1.41774,0.02092,0,0,11.2577,0,11.2577,0,0.0586918,0.186431,3.00161,3.00161,0,1,11.888,12.0668,9.81824,0.00413425,0.00413425,0.00413425,0.00206712,0.0082685
239,43796.5,1.38193,1.64689,0.01757,1.00022,11.2783,0.67884,0.55423,0.62095,0.42342,1.31963,1.41624,0.02091,0,0,11.2783,0,11.2783,0,0.0587968,0.184773,3.00161,3.00161,0,1,11.8952,12.1001,9.83954,0.0041095,0.0041095,0.0041095,0.00205475,0.008219
240,43980.7,1.38148,1.62927,0.01738,0.99988,11.2707,0.67742,0.55649,0.6216,0.42409,1.31892,1.4152,0.0209,0,0,11.2707,0,11.2707,0,0.0587586,0.185877,3.00161,3.00161,0,1,11.8747,12.1056,9.83201,0.00408475,0.00408475,0.00408475,0.00204237,0.0081695
241,44165.8,1.37974,1.62616,0.01743,0.99999,11.2461,0.67526,0.55844,0.6222,0.42477,1.31786,1.41473,0.02087,0,0,11.2461,0,11.2461,0,0.058629,0.185527,3.00161,3.00161,0,1,11.8381,12.0788,9.82149,0.00406,0.00406,0.00406,0.00203,0.00812
242,44349,1.38045,1.63051,0.01746,1.00004,11.2386,0.67266,0.55929,0.62303,0.4256,1.31821,1.41197,0.02087,0,0,11.2386,0,11.2386,0,0.0585874,0.184954,3.00161,3.00161,0,1,11.8345,12.0639,9.81739,0.00403525,0.00403525,0.00403525,0.00201762,0.0080705
243,44532.4,1.37032,1.63298,0.01738,1.00008,11.2399,0.67599,0.56035,0.62395,0.42621,1.31772,1.41071,0.02086,0,0,11.2399,0,11.2399,0,0.0586048,0.185488,3.00161,3.00161,0,1,11.8467,12.0562,9.81674,0.0040105,0.0040105,0.0040105,0.00200525,0.008021
244,44716.3,1.37452,1.62736,0.01745,0.99993,11.2232,0.67365,0.56129,0.62475,0.4267,1.31677,1.40944,0.02084,0,0,11.2232,0,11.2232,0,0.0585094,0.185251,3.00161,3.00161,0,1,11.8345,12.0499,9.78529,0.00398575,0.00398575,0.00398575,0.00199287,0.0079715
245,44900.6,1.37365,1.62481,0.01743,1.00003,11.2144,0.67793,0.56038,0.62524,0.42737,1.31667,1.40708,0.02085,0,0,11.2144,0,11.2144,0,0.0584646,0.185166,3.00161,3.00161,0,1,11.8256,12.0242,9.79335,0.003961,0.003961,0.003961,0.0019805,0.007922
246,45082.7,1.37556,1.62609,0.01741,0.99992,11.2181,0.67978,0.55785,0.62591,0.42792,1.31572,1.40556,0.02083,0,0,11.2182,0,11.2182,0,0.0584837,0.185278,3.00161,3.00161,0,1,11.8134,12.0461,9.79496,0.00393625,0.00393625,0.00393625,0.00196812,0.0078725
247,45266.2,1.37393,1.62866,0.01733,1.00003,11.2113,0.68254,0.55806,0.6267,0.4285,1.31529,1.40343,0.02081,0,0,11.2113,0,11.2113,0,0.0584474,0.184981,3.00161,3.00161,0,1,11.8165,12.0385,9.77879,0.0039115,0.0039115,0.0039115,0.00195575,0.007823
248,45451.6,1.37433,1.62571,0.01736,1.00005,11.207,0.68909,0.55596,0.62761,0.42906,1.31487,1.40148,0.02081,0,0,11.207,0,11.207,0,0.0584254,0.184966,3.00161,3.00161,0,1,11.7974,12.0364,9.78722,0.00388675,0.00388675,0.00388675,0.00194337,0.0077735
249,45637.5,1.3698,1.60982,0.01737,0.99997,11.2189,0.68515,0.55762,0.62836,0.4295,1.31435,1.4001,0.02079,0,0,11.2189,0,11.2189,0,0.0584861,0.18628,3.00161,3.00161,0,1,11.8238,12.0524,9.78033,0.003862,0.003862,0.003862,0.001931,0.007724
250,45819.8,1.36863,1.61588,0.0173,1.00011,11.1951,0.68406,0.55927,0.62878,0.42983,1.31407,1.39883,0.02078,0,0,11.195,0,11.195,0,0.0583666,0.185629,3.00161,3.00161,0,1,11.7894,12.0251,9.77065,0.00383725,0.00383725,0.00383725,0.00191862,0.0076745
251,46006,1.37399,1.61378,0.01731,0.99993,11.2014,0.6823,0.56267,0.62927,0.4305,1.31331,1.39735,0.02077,0,0,11.2014,0,11.2014,0,0.0583956,0.185346,3.00161,3.00161,0,1,11.7895,12.0501,9.7647,0.0038125,0.0038125,0.0038125,0.00190625,0.007625
252,46190.5,1.36583,1.61247,0.01735,1.00002,11.1743,0.68228,0.56343,0.62983,0.43115,1.31223,1.39665,0.02074,0,0,11.1743,0,11.1743,0,0.058256,0.185414,3.00161,3.00161,0,1,11.7844,11.9927,9.74588,0.00378775,0.00378775,0.00378775,0.00189388,0.0075755
253,46373.6,1.36555,1.61157,0.01722,0.99988,11.1682,0.68394,0.5627,0.63048,0.43155,1.31218,1.39456,0.02074,0,0,11.1682,0,11.1682,0,0.0582259,0.185396,3.00161,3.00161,0,1,11.7571,11.9978,9.74963,0.003763,0.003763,0.003763,0.0018815,0.007526
254,46557,1.36487,1.61176,0.01719,1.00018,11.165,0.68545,0.56243,0.63112,0.43212,1.31215,1.39288,0.02074,0,0,11.165,0,11.165,0,0.0582053,0.185228,3.00161,3.00161,0,1,11.7645,11.9938,9.73673,0.00373825,0.00373825,0.00373825,0.00186913,0.0074765
255,46740.1,1.36889,1.60598,0.0173,0.99987,11.1634,0.68434,0.56461,0.63161,0.4326,1.31143,1.39168,0.02073,0,0,11.1634,0,11.1634,0,0.0581984,0.185303,3.00161,3.00161,0,1,11.76,11.9957,9.73446,0.0037135,0.0037135,0.0037135,0.00185675,0.007427
256,46924.6,1.36032,1.59986,0.01719,1.00006,11.1387,0.68527,0.56375,0.6322,0.433,1.311,1.39059,0.02071,0,0,11.1387,0,11.1387,0,0.0580695,0.185835,3.00161,3.00161,0,1,11.7167,11.964,9.73538,0.00368875,0.00368875,0.00368875,0.00184438,0.0073775
257,47108.1,1.36671,1.59509,0.01723,0.99996,11.1372,0.68651,0.56405,0.63277,0.43338,1.31004,1.38944,0.02069,0,0,11.1372,0,11.1372,0,0.0580617,0.185615,3.00161,3.00161,0,1,11.7278,11.9574,9.72624,0.003664,0.003664,0.003664,0.001832,0.007328
258,47292.6,1.36105,1.60476,0.01725,1.00005,11.1363,0.68579,0.56662,0.6335,0.43412,1.30935,1.38776,0.02067,0,0,11.1363,0,11.1363,0,0.0580612,0.185205,3.00161,3.00161,0,1,11.7268,11.97,9.71211,0.00363925,0.00363925,0.00363925,0.00181963,0.0072785
259,47475.3,1.36158,1.601,0.01716,1.00013,11.1539,0.68669,0.56829,0.63408,0.43465,1.30889,1.38641,0.02067,0,0,11.1539,0,11.1539,0,0.0581521,0.185504,3.00161,3.00161,0,1,11.7545,11.9891,9.71814,0.0036145,0.0036145,0.0036145,0.00180725,0.007229
260,47658.6,1.36637,1.60741,0.01739,0.99985,11.1559,0.68345,0.56907,0.63457,0.43518,1.30847,1.38477,0.02066,0,0,11.1559,0,11.1559,0,0.0581594,0.184902,3.00161,3.00161,0,1,11.7465,11.9881,9.73292,0.00358975,0.00358975,0.00358975,0.00179488,0.0071795
261,47841.5,1.3589,1.60035,0.01723,0.99999,11.1167,0.68498,0.56887,0.63513,0.43568,1.3082,1.38277,0.02066,0,0,11.1167,0,11.1167,0,0.0579536,0.185161,3.00161,3.00161,0,1,11.7077,11.9497,9.69277,0.003565,0.003565,0.003565,0.0017825,0.00713
262,48024.8,1.37425,1.60228,0.01711,0.99995,11.1637,0.69026,0.56799,0.63573,0.43601,1.30765,1.38188,0.02064,0,0,11.1637,0,11.1637,0,0.0582007,0.184938,3.00161,3.00161,0,1,11.7813,11.9934,9.71644,0.00354025,0.00354025,0.00354025,0.00177013,0.0070805
263,48207.3,1.36327,1.60246,0.01715,1.00019,11.0892,0.69011,0.5682,0.63591,0.43605,1.3076,1.38081,0.02063,0,0,11.0892,0,11.0892,0,0.0578138,0.184228,3.00161,3.00161,0,1,11.6749,11.9205,9.67219,0.0035155,0.0035155,0.0035155,0.00175775,0.007031
264,48391.4,1.35645,1.59658,0.01712,0.99989,11.1073,0.68996,0.56825,0.63637,0.43682,1.3072,1.37996,0.02061,0,0,11.1073,0,11.1073,0,0.0579074,0.185384,3.00161,3.00161,0,1,11.7115,11.9237,9.68658,0.00349075,0.00349075,0.00349075,0.00174538,0.0069815
265,48573.9,1.35689,1.58305,0.01706,1.00013,11.0852,0.69075,0.56886,0.63691,0.43739,1.30673,1.37853,0.02059,0,0,11.0852,0,11.0852,0,0.057793,0.185632,3.00161,3.00161,0,1,11.6694,11.9104,9.67577,0.003466,0.003466,0.003466,0.001733,0.006932
266,48756.9,1.35727,1.59503,0.01702,0.99993,11.0718,0.68981,0.5696,0.63714,0.43768,1.30564,1.37884,0.02057,0,0,11.0718,0,11.0718,0,0.0577172,0.184699,3.00161,3.00161,0,1,11.6568,11.9001,9.65843,0.00344125,0.00344125,0.00344125,0.00172063,0.0068825
267,48940.6,1.35341,1.57851,0.01707,1.00004,11.0936,0.69036,0.57147,0.63747,0.43802,1.30475,1.37809,0.02054,0,0,11.0936,0,11.0936,0,0.0578384,0.186254,3.00161,3.00161,0,1,11.6938,11.9127,9.67423,0.0034165,0.0034165,0.0034165,0.00170825,0.006833
268,49123.3,1.36036,1.58828,0.01705,0.9999,11.06,0.68506,0.57507,0.63749,0.43846,1.30402,1.3776,0.02053,0,0,11.06,0,11.06,0,0.0576587,0.184588,3.00161,3.00161,0,1,11.6496,11.8865,9.64372,0.00339175,0.00339175,0.00339175,0.00169588,0.0067835
269,49307.8,1.35481,1.58187,0.01701,1.00005,11.0933,0.6871,0.57397,0.63793,0.43888,1.30392,1.37618,0.02053,0,0,11.0933,0,11.0933,0,0.0578348,0.185745,3.00161,3.00161,0,1,11.685,11.9181,9.6769,0.003367,0.003367,0.003367,0.0016835,0.006734
270,49493.6,1.35246,1.59319,0.01703,1.00004,11.0703,0.6869,0.57533,0.6379,0.4391,1.30375,1.37522,0.02052,0,0,11.0703,0,11.0703,0,0.0577112,0.184714,3.00161,3.00161,0,1,11.6625,11.8935,9.65477,0.00334225,0.00334225,0.00334225,0.00167113,0.0066845
271,49678.3,1.3542,1.58333,0.01705,0.99994,11.0771,0.68949,0.57461,0.6382,0.43947,1.30344,1.37409,0.02051,0,0,11.0771,0,11.0771,0,0.057752,0.185347,3.00161,3.00161,0,1,11.6638,11.896,9.6716,0.0033175,0.0033175,0.0033175,0.00165875,0.006635
272,49864,1.35099,1.57599,0.01714,1.00007,11.0648,0.69169,0.5725,0.63838,0.43985,1.3022,1.37466,0.02048,0,0,11.0648,0,11.0648,0,0.0576811,0.185558,3.00161,3.00161,0,1,11.6604,11.8876,9.6464,0.00329275,0.00329275,0.00329275,0.00164638,0.0065855
273,50047.6,1.36252,1.5763,0.01708,0.99999,11.03,0.6906,0.57352,0.63866,0.44024,1.30254,1.37236,0.02049,0,0,11.0301,0,11.0301,0,0.0575063,0.184296,3.00161,3.00161,0,1,11.6324,11.8501,9.60768,0.003268,0.003268,0.003268,0.001634,0.006536
274,50231.6,1.35258,1.57883,0.01712,0.99998,11.0203,0.6863,0.57569,0.63915,0.4406,1.30203,1.37157,0.02048,0,0,11.0203,0,11.0203,0,0.0574536,0.184491,3.00161,3.00161,0,1,11.6132,11.8296,9.61817,0.00324325,0.00324325,0.00324325,0.00162163,0.0064865
275,50418.1,1.35266,1.57239,0.01698,1.00007,11.0157,0.6908,0.57392,0.63947,0.44088,1.30109,1.37142,0.02046,0,0,11.0157,0,11.0157,0,0.0574328,0.184779,3.00161,3.00161,0,1,11.6014,11.8527,9.59292,0.0032185,0.0032185,0.0032185,0.00160925,0.006437
276,50603.2,1.35593,1.57713,0.01696,1.00005,11.0146,0.68919,0.57503,0.64005,0.44139,1.30108,1.36968,0.02046,0,0,11.0146,0,11.0146,0,0.0574212,0.184365,3.00161,3.00161,0,1,11.5973,11.8384,9.60814,0.00319375,0.00319375,0.00319375,0.00159688,0.0063875
277,50788.9,1.34882,1.56198,0.01698,0.99994,10.982,0.68801,0.57605,0.64088,0.44196,1.30147,1.36825,0.02047,0,0,10.982,0,10.982,0,0.0572492,0.185012,3.00161,3.00161,0,1,11.5601,11.8218,9.56406,0.003169,0.003169,0.003169,0.0015845,0.006338
278,50975.9,1.35018,1.56856,0.01693,1.00001,10.9791,0.68489,0.57751,0.64121,0.44228,1.3004,1.3681,0.02045,0,0,10.9791,0,10.9791,0,0.0572349,0.184541,3.00161,3.00161,0,1,11.5727,11.802,9.56247,0.00314425,0.00314425,0.00314425,0.00157213,0.0062885
279,51162.1,1.35115,1.56253,0.01691,0.99999,10.9858,0.68375,0.57859,0.6415,0.4424,1.30055,1.36729,0.02045,0,0,10.9858,0,10.9858,0,0.0572749,0.184672,3.00161,3.00161,0,1,11.5758,11.8054,9.57619,0.0031195,0.0031195,0.0031195,0.00155975,0.006239
280,51347.3,1.34446,1.56535,0.01696,1.00007,10.9736,0.68496,0.57867,0.64165,0.44258,1.30018,1.36643,0.02045,0,0,10.9736,0,10.9736,0,0.0572072,0.184756,3.00161,3.00161,0,1,11.5629,11.7873,9.57064,0.00309475,0.00309475,0.00309475,0.00154738,0.0061895
281,51534.8,1.3414,1.55978,0.0169,0.99991,10.9732,0.68215,0.58153,0.64196,0.44287,1.29983,1.36531,0.02044,0,0,10.9732,0,10.9732,0,0.0572095,0.185335,3.00161,3.00161,0,1,11.548,11.7915,9.58012,0.00307,0.00307,0.00307,0.001535,0.00614
282,51720.6,1.34756,1.55031,0.01705,0.99982,10.9646,0.6863,0.58118,0.64225,0.44321,1.29961,1.3644,0.02043,0,0,10.9646,0,10.9646,0,0.0571597,0.185084,3.00161,3.00161,0,1,11.5318,11.783,9.57891,0.00304525,0.00304525,0.00304525,0.00152262,0.0060905
283,51906.4,1.33541,1.54557,0.01691,1.00008,10.9633,0.687,0.58213,0.64254,0.44362,1.29948,1.3633,0.02043,0,0,10.9633,0,10.9633,0,0.0571573,0.18614,3.00161,3.00161,0,1,11.5343,11.7855,9.57003,0.0030205,0.0030205,0.0030205,0.00151025,0.006041
284,52093.8,1.34401,1.55582,0.01686,1.00002,10.917,0.68628,0.58391,0.64328,0.4441,1.29925,1.36224,0.02042,0,0,10.917,0,10.917,0,0.0569132,0.184071,3.00161,3.00161,0,1,11.4941,11.7454,9.51146,0.00299575,0.00299575,0.00299575,0.00149787,0.0059915
285,52280.2,1.33985,1.55353,0.01684,1.00001,10.9381,0.68838,0.58354,0.64408,0.44449,1.29946,1.36053,0.02043,0,0,10.9381,0,10.9381,0,0.0570246,0.184859,3.00161,3.00161,0,1,11.5174,11.7616,9.53526,0.002971,0.002971,0.002971,0.0014855,0.005942
286,52467,1.34324,1.54633,0.0169,1.00008,10.9437,0.68971,0.58431,0.64425,0.44455,1.3002,1.3583,0.02044,0,0,10.9437,0,10.9437,0,0.0570587,0.185129,3.00161,3.00161,0,1,11.5218,11.7629,9.54644,0.00294625,0.00294625,0.00294625,0.00147312,0.0058925
287,52651.2,1.34152,1.54283,0.01687,1.0002,10.949,0.69388,0.58256,0.64464,0.44502,1.29979,1.35757,0.02044,0,0,10.949,0,10.949,0,0.0570876,0.185446,3.00161,3.00161,0,1,11.5244,11.7669,9.55571,0.0029215,0.0029215,0.0029215,0.00146075,0.005843
288,52837.8,1.34169,1.54208,0.01681,0.99996,10.9344,0.69283,0.58276,0.64531,0.44541,1.2995,1.35625,0.02042,0,0,10.9344,0,10.9344,0,0.0570062,0.185311,3.00161,3.00161,0,1,11.5079,11.7581,9.53726,0.00289675,0.00289675,0.00289675,0.00144837,0.0057935
289,53021.5,1.34146,1.55112,0.0169,0.99984,10.96,0.69158,0.58342,0.64588,0.44591,1.29829,1.35605,0.0204,0,0,10.96,0,10.96,0,0.0571426,0.185069,3.00161,3.00161,0,1,11.553,11.7871,9.53995,0.002872,0.002872,0.002872,0.001436,0.005744
290,53206.1,1.32867,1.52942,0.0167,1.00009,10.8986,0.69617,0.58344,0.6465,0.44638,1.29839,1.35399,0.0204,0,0,10.8986,0,10.8986,0,0.0568185,0.186112,3.00161,3.00161,0,1,11.4724,11.7294,9.49385,0.00284725,0.00284725,0.00284725,0.00142362,0.0056945
291,53392.3,1.34244,1.5404,0.01679,0.99987,10.8995,0.69255,0.58564,0.64679,0.44646,1.29824,1.35341,0.0204,0,0,10.8995,0,10.8995,0,0.0568224,0.184526,3.00161,3.00161,0,1,11.4869,11.714,9.49749,0.0028225,0.0028225,0.0028225,0.00141125,0.005645
292,53576.9,1.33975,1.53638,0.01692,1.00009,10.9175,0.6935,0.58473,0.64647,0.44626,1.29796,1.35337,0.02039,0,0,10.9175,0,10.9175,0,0.0569149,0.185078,3.00161,3.00161,0,1,11.4881,11.7469,9.51753,0.00279775,0.00279775,0.00279775,0.00139887,0.0055955
293,53762.1,1.32936,1.52991,0.01667,1,10.879,0.69328,0.58581,0.6467,0.44659,1.29731,1.35334,0.02037,0,0,10.879,0,10.879,0,0.056716,0.185445,3.00161,3.00161,0,1,11.4628,11.7059,9.46825,0.002773,0.002773,0.002773,0.0013865,0.005546
294,53947.1,1.32647,1.52809,0.01671,1.00005,10.8899,0.69187,0.58712,0.64733,0.447,1.29738,1.35193,0.02037,0,0,10.8899,0,10.8899,0,0.0567742,0.186001,3.00161,3.00161,0,1,11.4594,11.7212,9.48908,0.00274825,0.00274825,0.00274825,0.00137412,0.0054965
295,54135,1.32969,1.53611,0.01671,1.0001,10.8818,0.69607,0.58464,0.64805,0.44726,1.2974,1.35021,0.02037,0,0,10.8818,0,10.8818,0,0.0567312,0.184992,3.00161,3.00161,0,1,11.4447,11.7173,9.48331,0.0027235,0.0027235,0.0027235,0.00136175,0.005447
296,54320.3,1.3275,1.52713,0.01663,0.99986,10.8834,0.69616,0.58483,0.64855,0.44763,1.29704,1.34987,0.02036,0,0,10.8833,0,10.8833,0,0.0567407,0.185663,3.00161,3.00161,0,1,11.4526,11.7167,9.48077,0.00269875,0.00269875,0.00269875,0.00134937,0.0053975
297,54506.6,1.3344,1.52836,0.01664,1,10.8554,0.69649,0.58682,0.64892,0.44799,1.2969,1.34822,0.02035,0,0,10.8554,0,10.8554,0,0.0565903,0.184659,3.00161,3.00161,0,1,11.4166,11.6907,9.45877,0.002674,0.002674,0.002674,0.001337,0.005348
298,54691.9,1.33196,1.53214,0.01667,1.00008,10.8565,0.69286,0.5881,0.64907,0.44806,1.29641,1.34769,0.02034,0,0,10.8565,0,10.8565,0,0.0565998,0.184627,3.00161,3.00161,0,1,11.4245,11.6822,9.46288,0.00264925,0.00264925,0.00264925,0.00132462,0.0052985
299,54876.2,1.33819,1.52187,0.01674,0.99993,10.8594,0.69855,0.58473,0.64949,0.4482,1.296,1.3469,0.02034,0,0,10.8594,0,10.8594,0,0.0566131,0.1848,3.00161,3.00161,0,1,11.4128,11.6831,9.4823,0.0026245,0.0026245,0.0026245,0.00131225,0.005249
300,55062.7,1.33549,1.52807,0.01664,1.00009,10.7994,0.70065,0.58424,0.6499,0.44852,1.29658,1.34466,0.02036,0,0,10.7994,0,10.7994,0,0.0563025,0.183529,3.00161,3.00161,0,1,11.3672,11.6322,9.39867,0.00259975,0.00259975,0.00259975,0.00129987,0.0051995
301,55247.8,1.33163,1.52558,0.01663,1,10.8226,0.70074,0.58352,0.65041,0.44885,1.29634,1.34409,0.02035,0,0,10.8226,0,10.8226,0,0.0564205,0.184308,3.00161,3.00161,0,1,11.383,11.6407,9.44413,0.002575,0.002575,0.002575,0.0012875,0.00515
302,55432.6,1.33259,1.51856,0.01665,0.99988,10.972,0.70293,0.58316,0.65068,0.44911,1.29574,1.34359,0.02034,0,0,10.972,0,10.972,0,0.0571981,0.187104,3.00161,3.00161,0,1,11.5676,11.8036,9.54478,0.00255025,0.00255025,0.00255025,0.00127513,0.0051005
303,55617.3,1.33629,1.52497,0.0166,1,10.808,0.70093,0.5857,0.65106,0.44915,1.29612,1.34214,0.02035,0,0,10.808,0,10.808,0,0.0563477,0.18371,3.00161,3.00161,0,1,11.3752,11.6348,9.414,0.0025255,0.0025255,0.0025255,0.00126275,0.005051
304,55801.9,1.33165,1.52105,0.01665,1,10.8195,0.70094,0.58633,0.65127,0.44946,1.29549,1.34209,0.02033,0,0,10.8195,0,10.8195,0,0.056407,0.184408,3.00161,3.00161,0,1,11.387,11.6407,9.43102,0.00250075,0.00250075,0.00250075,0.00125038,0.0050015
305,55987.9,1.32831,1.5119,0.01652,1.00009,10.7894,0.70238,0.58574,0.65171,0.44987,1.29568,1.34068,0.02034,0,0,10.7894,0,10.7894,0,0.056251,0.184522,3.00161,3.00161,0,1,11.3491,11.6075,9.41163,0.002476,0.002476,0.002476,0.001238,0.004952
306,56173,1.31956,1.51409,0.01655,0.99997,10.8135,0.70521,0.58439,0.65226,0.45021,1.2956,1.33964,0.02034,0,0,10.8135,0,10.8135,0,0.0563721,0.185373,3.00161,3.00161,0,1,11.3631,11.6417,9.43574,0.00245125,0.00245125,0.00245125,0.00122563,0.0049025
307,56359.9,1.3267,1.51235,0.0165,0.99982,10.7635,0.7054,0.5852,0.65233,0.45032,1.29519,1.339,0.02033,0,0,10.7635,0,10.7635,0,0.0561167,0.184,3.00161,3.00161,0,1,11.3225,11.5762,9.39164,0.0024265,0.0024265,0.0024265,0.00121325,0.004853
308,56545.6,1.32773,1.51518,0.01648,1.00013,10.767,0.70274,0.58663,0.65265,0.45089,1.29467,1.33865,0.02032,0,0,10.7671,0,10.7671,0,0.0561296,0.183777,3.00161,3.00161,0,1,11.3179,11.5971,9.38619,0.00240175,0.00240175,0.00240175,0.00120088,0.0048035
309,56731.3,1.31944,1.49776,0.01642,1.00003,10.7698,0.69993,0.58794,0.65295,0.4512,1.29452,1.33729,0.02032,0,0,10.7698,0,10.7698,0,0.0561451,0.185468,3.00161,3.00161,0,1,11.3437,11.5838,9.38206,0.002377,0.002377,0.002377,0.0011885,0.004754
310,56916.8,1.32261,1.50191,0.01647,1.00012,10.7558,0.70416,0.58583,0.6533,0.4515,1.29483,1.33608,0.02033,0,0,10.7558,0,10.7558,0,0.0560735,0.184583,3.00161,3.00161,0,1,11.3061,11.575,9.38646,0.00235225,0.00235225,0.00235225,0.00117613,0.0047045
311,57102.8,1.32622,1.50678,0.01659,0.99991,10.7615,0.7048,0.58496,0.65404,0.45195,1.29518,1.33444,0.02034,0,0,10.7615,0,10.7615,0,0.0561039,0.184129,3.00161,3.00161,0,1,11.325,11.5883,9.3712,0.0023275,0.0023275,0.0023275,0.00116375,0.004655
312,57288.8,1.32409,1.50035,0.0165,0.99999,10.7371,0.70239,0.58693,0.65463,0.45228,1.29466,1.33368,0.02033,0,0,10.7371,0,10.7371,0,0.0559755,0.184193,3.00161,3.00161,0,1,11.2816,11.565,9.3646,0.00230275,0.00230275,0.00230275,0.00115138,0.0046055
313,57475.5,1.312,1.49495,0.01633,0.99989,10.7521,0.70337,0.58634,0.65494,0.45255,1.29461,1.33249,0.02033,0,0,10.7521,0,10.7521,0,0.0560618,0.185624,3.00161,3.00161,0,1,11.303,11.5765,9.37664,0.002278,0.002278,0.002278,0.001139,0.004556
314,57662.6,1.32801,1.49864,0.01664,1.00006,10.7216,0.70074,0.58834,0.65513,0.45272,1.2937,1.33303,0.02031,0,0,10.7216,0,10.7216,0,0.0558961,0.183724,3.00161,3.00161,0,1,11.272,11.553,9.33985,0.00225325,0.00225325,0.00225325,0.00112663,0.0045065
315,57849.2,1.31681,1.49806,0.01646,1.00012,10.7226,0.70229,0.58735,0.65524,0.45285,1.29368,1.33216,0.0203,0,0,10.7226,0,10.7226,0,0.0559011,0.184341,3.00161,3.00161,0,1,11.2681,11.5501,9.34968,0.0022285,0.0022285,0.0022285,0.00111425,0.004457
316,58036.3,1.30858,1.48161,0.0164,0.99995,10.7419,0.70356,0.5876,0.65553,0.45302,1.29296,1.33205,0.0203,0,0,10.7419,0,10.7419,0,0.0560055,0.186208,3.00161,3.00161,0,1,11.2967,11.5658,9.36311,0.00220375,0.00220375,0.00220375,0.00110188,0.0044075
317,58222.1,1.30862,1.47935,0.01628,0.99999,10.7174,0.70435,0.58932,0.65575,0.45318,1.29293,1.33086,0.02029,0,0,10.7174,0,10.7174,0,0.0558728,0.185874,3.00161,3.00161,0,1,11.2684,11.5402,9.34346,0.002179,0.002179,0.002179,0.0010895,0.004358
318,58408.3,1.32615,1.50044,0.01636,1.0001,10.6833,0.70413,0.58892,0.65572,0.45323,1.29336,1.32966,0.0203,0,0,10.6833,0,10.6833,0,0.0556993,0.182893,3.00161,3.00161,0,1,11.2352,11.51,9.30456,0.00215425,0.00215425,0.00215425,0.00107713,0.0043085
319,58596.8,1.31375,1.48734,0.01632,0.99997,10.6906,0.70226,0.5903,0.6562,0.45354,1.29362,1.32817,0.02031,0,0,10.6906,0,10.6906,0,0.0557304,0.184391,3.00161,3.00161,0,1,11.2374,11.5102,9.3242,0.0021295,0.0021295,0.0021295,0.00106475,0.004259
320,58782.9,1.31665,1.48853,0.01633,0.99985,10.6795,0.70046,0.59125,0.65685,0.45387,1.29321,1.32709,0.0203,0,0,10.6795,0,10.6795,0,0.05568,0.184015,3.00161,3.00161,0,1,11.2206,11.4968,9.32115,0.00210475,0.00210475,0.00210475,0.00105238,0.0042095
321,58968.6,1.3123,1.48611,0.01629,1.00013,10.6997,0.70064,0.59266,0.65706,0.45408,1.29303,1.32671,0.02029,0,0,10.6997,0,10.6997,0,0.0557806,0.184724,3.00161,3.00161,0,1,11.2417,11.5232,9.33439,0.00208,0.00208,0.00208,0.00104,0.00416
322,59153.7,1.31468,1.47723,0.01637,0.99992,10.6483,0.70121,0.59305,0.65745,0.45413,1.29301,1.3261,0.02028,0,0,10.6483,0,10.6483,0,0.0555148,0.184077,3.00161,3.00161,0,1,11.1893,11.4817,9.2739,0.00205525,0.00205525,0.00205525,0.00102763,0.0041105
323,59339.1,1.31216,1.48838,0.01618,1.00001,10.6567,0.70028,0.59199,0.65774,0.45451,1.29334,1.32472,0.0203,0,0,10.6567,0,10.6567,0,0.0555572,0.183755,3.00161,3.00161,0,1,11.2159,11.4824,9.27171,0.0020305,0.0020305,0.0020305,0.00101525,0.004061
324,59524.9,1.31615,1.47873,0.01632,0.99994,10.6499,0.70124,0.59212,0.6579,0.45471,1.29286,1.32444,0.02029,0,0,10.6499,0,10.6499,0,0.0555206,0.183896,3.00161,3.00161,0,1,11.184,11.4819,9.28366,0.00200575,0.00200575,0.00200575,0.00100288,0.0040115
325,59710.2,1.30411,1.48096,0.01625,1.00014,10.6716,0.70616,0.59033,0.6582,0.45489,1.29245,1.32469,0.02028,0,0,10.6716,0,10.6716,0,0.0556365,0.184838,3.00161,3.00161,0,1,11.2017,11.5103,9.30278,0.001981,0.001981,0.001981,0.0009905,0.003962
326,59896.1,1.30571,1.47085,0.01621,1.0001,10.6442,0.70606,0.59124,0.65848,0.45514,1.29184,1.32455,0.02027,0,0,10.6442,0,10.6442,0,0.0554946,0.184879,3.00161,3.00161,0,1,11.1766,11.4652,9.29076,0.00195625,0.00195625,0.00195625,0.000978125,0.0039125
327,60081.5,1.30652,1.47016,0.01608,0.99987,10.6166,0.71001,0.59156,0.65865,0.45516,1.29241,1.32355,0.02028,0,0,10.6166,0,10.6166,0,0.0553444,0.184341,3.00161,3.00161,0,1,11.153,11.4403,9.25634,0.0019315,0.0019315,0.0019315,0.00096575,0.003863
328,60268.1,1.30068,1.46649,0.01621,1.00002,10.6093,0.71053,0.59061,0.6585,0.45529,1.29217,1.32253,0.02027,0,0,10.6093,0,10.6093,0,0.0553135,0.18466,3.00161,3.00161,0,1,11.1457,11.4398,9.24234,0.00190675,0.00190675,0.00190675,0.000953375,0.0038135
329,60453.4,1.31386,1.46906,0.01634,1.00004,10.6224,0.70927,0.59125,0.65857,0.4555,1.29223,1.32186,0.02028,0,0,10.6224,0,10.6224,0,0.0553784,0.183886,3.00161,3.00161,0,1,11.1504,11.4484,9.26849,0.001882,0.001882,0.001882,0.000941,0.003764
330,60642.2,1.31212,1.46755,0.01612,1.00003,10.586,0.71332,0.58827,0.65862,0.45556,1.29217,1.32075,0.02029,0,0,10.5859,0,10.5859,0,0.055191,0.183484,3.00161,3.00161,0,1,11.124,11.4125,9.22129,0.00185725,0.00185725,0.00185725,0.000928625,0.0037145
331,60829.8,1.31217,1.46567,0.01618,0.99985,10.59,0.71306,0.58817,0.65868,0.45572,1.29183,1.32051,0.02028,0,0,10.59,0,10.59,0,0.0552067,0.18355,3.00161,3.00161,0,1,11.1143,11.4294,9.22619,0.0018325,0.0018325,0.0018325,0.00091625,0.003665
332,61017.2,1.30568,1.45563,0.01621,0.99997,10.6019,0.71683,0.58831,0.65918,0.45621,1.29169,1.32013,0.02027,0,0,10.6019,0,10.6019,0,0.0552722,0.184785,3.00161,3.00161,0,1,11.1244,11.4149,9.26633,0.00180775,0.00180775,0.00180775,0.000903875,0.0036155
333,61203.4,1.30486,1.4566,0.01609,1.00009,10.5832,0.7168,0.58754,0.65962,0.45664,1.29153,1.31916,0.02027,0,0,10.5832,0,10.5832,0,0.0551742,0.184395,3.00161,3.00161,0,1,11.1055,11.4243,9.21989,0.001783,0.001783,0.001783,0.0008915,0.003566
334,61390.8,1.29468,1.44465,0.01606,1.00003,10.5785,0.7176,0.5875,0.65969,0.45653,1.29139,1.31881,0.02027,0,0,10.5785,0,10.5785,0,0.0551469,0.185585,3.00161,3.00161,0,1,11.1186,11.4164,9.20051,0.00175825,0.00175825,0.00175825,0.000879125,0.0035165
335,61576.6,1.30604,1.46106,0.01612,1.00005,10.5606,0.72139,0.58546,0.65961,0.45663,1.29138,1.31785,0.02027,0,0,10.5606,0,10.5606,0,0.0550584,0.183638,3.00161,3.00161,0,1,11.0912,11.384,9.20663,0.0017335,0.0017335,0.0017335,0.00086675,0.003467
336,61763,1.30378,1.45209,0.01601,0.99998,10.5542,0.72711,0.58203,0.65971,0.45676,1.29104,1.31786,0.02026,0,0,10.5542,0,10.5542,0,0.0550227,0.183942,3.00161,3.00161,0,1,11.0763,11.386,9.20024,0.00170875,0.00170875,0.00170875,0.000854375,0.0034175
337,61951.3,1.29098,1.44921,0.01606,1.00002,10.5746,0.72216,0.5843,0.65993,0.45672,1.29106,1.31745,0.02025,0,0,10.5746,0,10.5746,0,0.0551305,0.185232,3.00161,3.00161,0,1,11.1107,11.4049,9.20806,0.001684,0.001684,0.001684,0.000842,0.003368
338,62137.7,1.29866,1.45262,0.01602,1.00003,10.5702,0.71953,0.5844,0.66027,0.45685,1.29101,1.31693,0.02025,0,0,10.5702,0,10.5702,0,0.0551066,0.18449,3.00161,3.00161,0,1,11.0916,11.3992,9.2199,0.00165925,0.00165925,0.00165925,0.000829625,0.0033185
339,62325,1.29742,1.45651,0.016,0.99995,10.5269,0.71944,0.58494,0.66063,0.45692,1.29119,1.31586,0.02025,0,0,10.5269,0,10.5269,0,0.0548821,0.183526,3.00161,3.00161,0,1,11.0459,11.351,9.18388,0.0016345,0.0016345,0.0016345,0.00081725,0.003269
340,62511.4,1.3013,1.45169,0.01599,0.99992,10.5095,0.72442,0.58396,0.66056,0.45724,1.29076,1.31543,0.02024,0,0,10.5095,0,10.5095,0,0.0547906,0.183161,3.00161,3.00161,0,1,11.0425,11.3318,9.15424,0.00160975,0.00160975,0.00160975,0.000804875,0.0032195
341,62698.7,1.29097,1.43969,0.0159,1.00009,10.5233,0.71805,0.58806,0.66102,0.45746,1.29085,1.31447,0.02023,0,0,10.5233,0,10.5233,0,0.054864,0.18492,3.00161,3.00161,0,1,11.0421,11.3474,9.18038,0.001585,0.001585,0.001585,0.0007925,0.00317
342,62885.2,1.28981,1.44322,0.01594,1.0001,10.4808,0.72341,0.58556,0.66134,0.45789,1.2907,1.31421,0.02023,0,0,10.4808,0,10.4808,0,0.0546399,0.183905,3.00161,3.00161,0,1,11.0032,11.3057,9.13343,0.00156025,0.00156025,0.00156025,0.000780125,0.0031205
343,63072.8,1.28482,1.43903,0.01589,0.99991,10.5121,0.7247,0.58507,0.6617,0.45795,1.29093,1.31321,0.02023,0,0,10.5121,0,10.5121,0,0.0548028,0.184937,3.00161,3.00161,0,1,11.0308,11.3369,9.16868,0.0015355,0.0015355,0.0015355,0.00076775,0.003071
344,63260.6,1.28846,1.43168,0.0159,0.99999,10.4936,0.72492,0.58663,0.66203,0.45805,1.29027,1.31317,0.02022,0,0,10.4936,0,10.4936,0,0.0547035,0.184804,3.00161,3.00161,0,1,11.0089,11.3228,9.14901,0.00151075,0.00151075,0.00151075,0.000755375,0.0030215
345,63448.7,1.29829,1.44487,0.01606,1.00007,10.5132,0.72822,0.58527,0.66201,0.4582,1.28961,1.3133,0.02021,0,0,10.5132,0,10.5132,0,0.0548094,0.183569,3.00161,3.00161,0,1,11.0318,11.3293,9.17866,0.001486,0.001486,0.001486,0.000743,0.002972
346,63634.6,1.28837,1.43524,0.01588,0.99989,10.4856,0.72894,0.58387,0.66221,0.45822,1.28933,1.31272,0.0202,0,0,10.4856,0,10.4856,0,0.0546655,0.184322,3.00161,3.00161,0,1,11.0158,11.3046,9.13647,0.00146125,0.00146125,0.00146125,0.000730625,0.0029225
347,63821.7,1.28366,1.4359,0.01592,1.00011,10.4815,0.72836,0.58491,0.66275,0.45833,1.28912,1.31232,0.0202,0,0,10.4815,0,10.4815,0,0.0546434,0.184428,3.00161,3.00161,0,1,10.9985,11.3233,9.12263,0.0014365,0.0014365,0.0014365,0.00071825,0.002873
348,64008,1.29817,1.43997,0.01591,0.99984,10.4634,0.73095,0.58427,0.66302,0.4583,1.28855,1.31174,0.02018,0,0,10.4634,0,10.4634,0,0.0545499,0.182879,3.00161,3.00161,0,1,10.9775,11.2911,9.12155,0.00141175,0.00141175,0.00141175,0.000705875,0.0028235
349,64194.2,1.29121,1.42504,0.01586,1.00016,10.4486,0.73126,0.58336,0.66309,0.45846,1.28851,1.31156,0.02018,0,0,10.4486,0,10.4486,0,0.0544729,0.184011,3.00161,3.00161,0,1,10.9592,11.2838,9.10286,0.001387,0.001387,0.001387,0.0006935,0.002774
350,64382.7,1.29018,1.4247,0.01588,1.00003,10.4623,0.73228,0.58201,0.66325,0.4586,1.28823,1.31088,0.02018,0,0,10.4623,0,10.4623,0,0.0545444,0.184195,3.00161,3.00161,0,1,10.9832,11.2936,9.11012,0.00136225,0.00136225,0.00136225,0.000681125,0.0027245
351,64571.9,1.2935,1.42769,0.01582,0.99994,10.4269,0.73468,0.58107,0.6635,0.45897,1.28793,1.31071,0.02018,0,0,10.4269,0,10.4269,0,0.0543609,0.183123,3.00161,3.00161,0,1,10.9406,11.2499,9.09027,0.0013375,0.0013375,0.0013375,0.00066875,0.002675
352,64760.5,1.2773,1.42238,0.01584,1,10.4492,0.73314,0.58202,0.66372,0.45931,1.28734,1.31043,0.02016,0,0,10.4492,0,10.4492,0,0.0544741,0.184885,3.00161,3.00161,0,1,10.9694,11.2824,9.09583,0.00131275,0.00131275,0.00131275,0.000656375,0.0026255
353,64949.1,1.28304,1.42548,0.01577,0.99997,10.4444,0.73117,0.58178,0.6639,0.45951,1.2871,1.31025,0.02016,0,0,10.4444,0,10.4444,0,0.0544519,0.184208,3.00161,3.00161,0,1,10.9711,11.2645,9.09762,0.001288,0.001288,0.001288,0.000644,0.002576
354,65137.3,1.28201,1.42794,0.01577,1.00013,10.4277,0.73139,0.58152,0.66387,0.45969,1.28692,1.30976,0.02016,0,0,10.4277,0,10.4277,0,0.0543641,0.183746,3.00161,3.00161,0,1,10.9354,11.2619,9.08577,0.00126325,0.00126325,0.00126325,0.000631625,0.0025265
355,65326.1,1.28427,1.4208,0.01579,0.99983,10.4227,0.73031,0.58276,0.66381,0.45961,1.28736,1.30946,0.02016,0,0,10.4227,0,10.4227,0,0.0543349,0.183857,3.00161,3.00161,0,1,10.9346,11.248,9.08561,0.0012385,0.0012385,0.0012385,0.00061925,0.002477
356,65514.8,1.28521,1.41103,0.01583,1.00011,10.4027,0.73293,0.58183,0.6637,0.45937,1.28646,1.30995,0.02014,0,0,10.4027,0,10.4027,0,0.0542339,0.184038,3.00161,3.00161,0,1,10.9058,11.2338,9.06868,0.00121375,0.00121375,0.00121375,0.000606875,0.0024275
357,65703.6,1.27936,1.41265,0.01571,0.99991,10.4013,0.71771,0.58967,0.66369,0.45927,1.28642,1.30947,0.02014,0,0,10.4013,0,10.4013,0,0.0542272,0.184291,3.00161,3.00161,0,1,10.9206,11.2328,9.05053,0.001189,0.001189,0.001189,0.0005945,0.002378
358,65893.4,1.27675,1.41423,0.01574,1.0001,10.3879,0.73217,0.5821,0.66421,0.45963,1.286,1.3092,0.02013,0,0,10.3879,0,10.3879,0,0.0541543,0.184098,3.00161,3.00161,0,1,10.8824,11.2254,9.05583,0.00116425,0.00116425,0.00116425,0.000582125,0.0023285
359,66082.6,1.27853,1.41499,0.01569,1.00003,10.3668,0.72173,0.59017,0.66455,0.45976,1.28619,1.30787,0.02013,0,0,10.3669,0,10.3669,0,0.0540481,0.183462,3.00161,3.00161,0,1,10.8833,11.2001,9.01714,0.0011395,0.0011395,0.0011395,0.00056975,0.002279
360,66272.8,1.2755,1.40563,0.01566,0.99997,10.3606,0.72598,0.58854,0.66477,0.46015,1.2861,1.30657,0.02013,0,0,10.3606,0,10.3606,0,0.0540111,0.18395,3.00161,3.00161,0,1,10.8765,11.1762,9.02908,0.00111475,0.00111475,0.00111475,0.000557375,0.0022295
361,66460.7,1.27518,1.40381,0.01569,0.99995,10.3576,0.72799,0.588,0.66513,0.46041,1.28644,1.3048,0.02013,0,0,10.3576,0,10.3576,0,0.0539992,0.184099,3.00161,3.00161,0,1,10.8631,11.1817,9.02806,0.00109,0.00109,0.00109,0.000545,0.00218
362,66648,1.27972,1.40743,0.01562,1.00001,10.3384,0.72741,0.58991,0.66542,0.46086,1.28668,1.30356,0.02013,0,0,10.3384,0,10.3384,0,0.053898,0.183097,3.00161,3.00161,0,1,10.8587,11.159,8.99756,0.00106525,0.00106525,0.00106525,0.000532625,0.0021305
363,66837.9,1.28002,1.40636,0.01564,0.99987,10.3594,0.71982,0.59592,0.66554,0.46088,1.28641,1.30315,0.02013,0,0,10.3594,0,10.3594,0,0.0540063,0.183595,3.00161,3.00161,0,1,10.8676,11.177,9.03374,0.0010405,0.0010405,0.0010405,0.00052025,0.002081
364,67026.4,1.27427,1.40486,0.01563,1.00012,10.3524,0.72097,0.59619,0.66549,0.461,1.28625,1.30267,0.02014,0,0,10.3524,0,10.3524,0,0.0539712,0.18385,3.00161,3.00161,0,1,10.8585,11.1776,9.021,0.00101575,0.00101575,0.00101575,0.000507875,0.0020315
365,67214.8,1.27238,1.39706,0.0156,1.00006,10.3204,0.7204,0.59693,0.66553,0.46091,1.28646,1.30226,0.02014,0,0,10.3204,0,10.3204,0,0.0538034,0.18376,3.00161,3.00161,0,1,10.8154,11.1546,8.99116,0.000991,0.000991,0.000991,0.0004955,0.001982
366,67404.6,1.27287,1.39877,0.01567,1.00004,10.3473,0.72125,0.59589,0.66562,0.46081,1.28659,1.30194,0.02014,0,0,10.3473,0,10.3473,0,0.0539467,0.1841,3.00161,3.00161,0,1,10.8527,11.1775,9.01162,0.00096625,0.00096625,0.00096625,0.000483125,0.0019325
367,67594,1.2711,1.39626,0.01545,0.99979,10.3146,0.72107,0.59543,0.66558,0.46065,1.28643,1.30205,0.02014,0,0,10.3145,0,10.3145,0,0.0537717,0.183729,3.00161,3.00161,0,1,10.8117,11.1413,8.9906,0.0009415,0.0009415,0.0009415,0.00047075,0.001883
368,67782.8,1.26968,1.38691,0.01559,1.00018,10.3024,0.71759,0.59831,0.66554,0.46046,1.28657,1.30146,0.02014,0,0,10.3024,0,10.3024,0,0.0537103,0.184133,3.00161,3.00161,0,1,10.8123,11.1235,8.97125,0.00091675,0.00091675,0.00091675,0.000458375,0.0018335
369,67973.8,1.2568,1.3886,0.01548,1.00002,10.3084,0.72042,0.59582,0.66552,0.46057,1.28692,1.30028,0.02014,0,0,10.3084,0,10.3084,0,0.0537467,0.185001,3.00161,3.00161,0,1,10.8142,11.1497,8.96113,0.000892,0.000892,0.000892,0.000446,0.001784
370,68162.9,1.26879,1.39505,0.01556,1.00005,10.2892,0.72062,0.59499,0.66559,0.46076,1.28684,1.29966,0.02014,0,0,10.2892,0,10.2892,0,0.0536405,0.183208,3.00161,3.00161,0,1,10.7958,11.1146,8.95722,0.00086725,0.00086725,0.00086725,0.000433625,0.0017345
371,68352.5,1.27343,1.39258,0.01552,0.99991,10.2736,0.72106,0.59605,0.66573,0.4608,1.28682,1.29909,0.02014,0,0,10.2736,0,10.2736,0,0.0535642,0.182823,3.00161,3.00161,0,1,10.7625,11.1006,8.95779,0.0008425,0.0008425,0.0008425,0.00042125,0.001685
372,68545.1,1.2632,1.37986,0.01554,1.00007,10.2772,0.7177,0.59822,0.66591,0.46101,1.2867,1.29873,0.02013,0,0,10.2772,0,10.2772,0,0.0535763,0.184314,3.00161,3.00161,0,1,10.7885,11.1056,8.93731,0.00081775,0.00081775,0.00081775,0.000408875,0.0016355
373,68734.3,1.2702,1.38466,0.01544,0.99994,10.3015,0.71777,0.59929,0.66606,0.46114,1.28651,1.29896,0.02013,0,0,10.3015,0,10.3015,0,0.0537064,0.18385,3.00161,3.00161,0,1,10.7955,11.1302,8.97888,0.000793,0.000793,0.000793,0.0003965,0.001586
374,68923.6,1.26983,1.39282,0.01546,0.99995,10.2795,0.7169,0.60035,0.66606,0.46095,1.28615,1.29927,0.02012,0,0,10.2795,0,10.2795,0,0.0535909,0.183097,3.00161,3.00161,0,1,10.7684,11.1112,8.95897,0.00076825,0.00076825,0.00076825,0.000384125,0.0015365
375,69114.4,1.2609,1.38679,0.01538,1.00023,10.2857,0.71845,0.59966,0.66631,0.46117,1.28624,1.29919,0.02011,0,0,10.2856,0,10.2856,0,0.0536237,0.184056,3.00161,3.00161,0,1,10.7843,11.1256,8.94703,0.0007435,0.0007435,0.0007435,0.00037175,0.001487
376,69305.5,1.2633,1.38808,0.0155,0.99991,10.3,0.71935,0.59946,0.66643,0.46114,1.28628,1.29879,0.02011,0,0,10.2999,0,10.2999,0,0.0536971,0.183902,3.00161,3.00161,0,1,10.7972,11.1267,8.97598,0.00071875,0.00071875,0.00071875,0.000359375,0.0014375
377,69493.5,1.25732,1.38017,0.01538,0.99982,10.2617,0.72076,0.59948,0.6668,0.46143,1.28612,1.29829,0.02011,0,0,10.2617,0,10.2617,0,0.053498,0.184113,3.00161,3.00161,0,1,10.7521,11.0987,8.93419,0.000694,0.000694,0.000694,0.000347,0.001388
378,69681.2,1.26557,1.37363,0.01537,1.00002,10.228,0.72165,0.599,0.66703,0.46175,1.28608,1.29747,0.02011,0,0,10.228,0,10.228,0,0.0533227,0.183397,3.00161,3.00161,0,1,10.7075,11.0602,8.91619,0.00066925,0.00066925,0.00066925,0.000334625,0.0013385
379,69870.4,1.2582,1.37352,0.01538,1.00015,10.228,0.72124,0.59976,0.667,0.46175,1.28633,1.29703,0.02011,0,0,10.228,0,10.228,0,0.0533254,0.183862,3.00161,3.00161,0,1,10.7214,11.05,8.91268,0.0006445,0.0006445,0.0006445,0.00032225,0.001289
380,70058.1,1.26249,1.37132,0.01533,1,10.2467,0.72161,0.59928,0.66711,0.46187,1.28676,1.29671,0.02012,0,0,10.2467,0,10.2467,0,0.0534173,0.184006,3.00161,3.00161,0,1,10.7309,11.0876,8.92169,0.00061975,0.00061975,0.00061975,0.000309875,0.0012395
381,70244.9,1.2547,1.37223,0.01528,1.00001,10.2126,0.72175,0.59884,0.66727,0.46191,1.28663,1.29695,0.02011,0,0,10.2126,0,10.2126,0,0.0532427,0.183736,3.00161,3.00161,0,1,10.6872,11.059,8.89161,0.000595,0.000595,0.000595,0.0002975,0.00119
382,70434.7,1.26446,1.37132,0.0153,0.99993,10.2078,0.71803,0.60137,0.66719,0.46184,1.28676,1.29669,0.02011,0,0,10.2077,0,10.2077,0,0.0532146,0.182965,3.00161,3.00161,0,1,10.6964,11.0453,8.88157,0.00057025,0.00057025,0.00057025,0.000285125,0.0011405
383,70622.6,1.2641,1.37007,0.01538,0.99995,10.2044,0.71804,0.60156,0.66721,0.46186,1.2875,1.29519,0.02012,0,0,10.2044,0,10.2044,0,0.0532004,0.182964,3.00161,3.00161,0,1,10.6947,11.0395,8.8791,0.0005455,0.0005455,0.0005455,0.00027275,0.001091
384,70811.1,1.25478,1.37233,0.01537,1,10.2115,0.71813,0.60065,0.66725,0.46198,1.28778,1.29398,0.02013,0,0,10.2115,0,10.2115,0,0.053236,0.183477,3.00161,3.00161,0,1,10.6911,11.0502,8.89329,0.00052075,0.00052075,0.00052075,0.000260375,0.0010415
385,70999.9,1.25763,1.36608,0.0153,1.00005,10.1845,0.71872,0.60026,0.6672,0.46195,1.28793,1.29375,0.02012,0,0,10.1845,0,10.1845,0,0.0530921,0.183108,3.00161,3.00161,0,1,10.6655,11.0212,8.86682,0.000496,0.000496,0.000496,0.000248,0.000992
386,71188.3,1.25218,1.36096,0.01523,0.99993,10.1834,0.71956,0.60004,0.66728,0.46201,1.28867,1.29298,0.02013,0,0,10.1834,0,10.1834,0,0.053088,0.183708,3.00161,3.00161,0,1,10.681,11.0098,8.85956,0.00047125,0.00047125,0.00047125,0.000235625,0.0009425
387,71376.4,1.2614,1.36512,0.01524,1.00013,10.1898,0.71955,0.59987,0.66762,0.46217,1.28902,1.29285,0.02014,0,0,10.1897,0,10.1897,0,0.0531271,0.182991,3.00161,3.00161,0,1,10.6835,11.0073,8.87839,0.0004465,0.0004465,0.0004465,0.00022325,0.000893
388,71565.2,1.24821,1.35653,0.01523,0.99995,10.2027,0.72249,0.59911,0.66764,0.46221,1.28865,1.29268,0.02013,0,0,10.2026,0,10.2026,0,0.0531906,0.184583,3.00161,3.00161,0,1,10.693,11.0346,8.88032,0.00042175,0.00042175,0.00042175,0.000210875,0.0008435
389,71754.4,1.25542,1.36002,0.0152,0.99996,10.1842,0.72057,0.59956,0.66765,0.46228,1.28896,1.29206,0.02013,0,0,10.1842,0,10.1842,0,0.0530936,0.183418,3.00161,3.00161,0,1,10.6628,11.0268,8.8628,0.000397,0.000397,0.000397,0.0001985,0.000794
390,71944.1,1.2472,1.35647,0.01529,1,10.1966,0.72033,0.60046,0.66766,0.46228,1.2888,1.29176,0.02013,0,0,10.1966,0,10.1966,0,0.0531584,0.184352,3.00161,3.00161,0,1,10.6762,11.0349,8.87861,0.00037225,0.00037225,0.00037225,0.000186125,0.0007445
391,72135.9,1.22885,1.13579,0.01738,1.00021,10.2458,0.72382,0.59799,0.66802,0.46251,1.28952,1.2907,0.02014,0,0,10.2458,0,10.2458,0,0.0534168,0.20346,3.00161,3.00161,0,1,10.7481,11.1532,8.83602,0.0003475,0.0003475,0.0003475,0.00017375,0.000695
392,72324.4,1.19928,1.08193,0.01674,0.99989,9.59079,0.72332,0.59784,0.66784,0.46243,1.29001,1.28969,0.02015,0,0,9.59079,0,9.59079,0,0.0500012,0.197644,3.00161,3.00161,0,1,10.0919,10.4969,8.18365,0.00032275,0.00032275,0.00032275,0.000161375,0.0006455
393,72513.3,1.17978,1.07153,0.01651,0.99999,9.48389,0.72503,0.59728,0.6679,0.46258,1.29037,1.28976,0.02016,0,0,9.48388,0,9.48388,0,0.0494438,0.198166,3.00161,3.00161,0,1,9.97645,10.3711,8.1041,0.000298,0.000298,0.000298,0.000149,0.000596
394,72702,1.17965,1.06504,0.01642,1.00003,9.3964,0.72816,0.59654,0.66833,0.46287,1.29096,1.28811,0.02017,0,0,9.39639,0,9.39639,0,0.048991,0.196744,3.00161,3.00161,0,1,9.88007,10.2842,8.02491,0.00027325,0.00027325,0.00027325,0.000136625,0.0005465
395,72890.2,1.16982,1.0593,0.01636,1.00008,9.39272,0.727,0.59849,0.66852,0.46309,1.29102,1.28759,0.02017,0,0,9.39272,0,9.39272,0,0.0489661,0.197926,3.00161,3.00161,0,1,9.87921,10.2711,8.02782,0.0002485,0.0002485,0.0002485,0.00012425,0.000497
396,73077.1,1.17638,1.05715,0.01632,0.9999,9.37441,0.7268,0.59939,0.66872,0.46334,1.2908,1.2876,0.02016,0,0,9.37441,0,9.37441,0,0.0488722,0.197069,3.00161,3.00161,0,1,9.86691,10.2517,8.00464,0.00022375,0.00022375,0.00022375,0.000111875,0.0004475
397,73264.4,1.17118,1.04338,0.0163,0.99997,9.29757,0.72503,0.60199,0.66888,0.46345,1.29108,1.28667,0.02017,0,0,9.29756,0,9.29756,0,0.0484693,0.197106,3.00161,3.00161,0,1,9.76812,10.1743,7.95028,0.000199,0.000199,0.000199,9.95e-05,0.000398
398,73451.6,1.1717,1.04267,0.01624,1.00003,9.31007,0.718,0.60737,0.66872,0.46338,1.29162,1.28595,0.02017,0,0,9.31006,0,9.31006,0,0.0485353,0.197251,3.00161,3.00161,0,1,9.78925,10.1827,7.95826,0.00017425,0.00017425,0.00017425,8.7125e-05,0.0003485
399,73583.9,1.16941,1.03878,0.01613,0.99998,9.25917,0.72208,0.60501,0.66866,0.46335,1.29167,1.28588,0.02017,0,0,9.25917,0,9.25917,0,0.0482712,0.196649,3.00161,3.00161,0,1,9.74107,10.1397,7.8967,0.0001495,0.0001495,0.0001495,7.475e-05,0.000299
400,73711.2,1.17049,1.0351,0.01612,1.00007,9.2403,0.72284,0.60444,0.66866,0.46349,1.29209,1.28554,0.02017,0,0,9.24029,0,9.24029,0,0.0481695,0.196569,3.00161,3.00161,0,1,9.70564,10.1212,7.89404,0.00012475,0.00012475,0.00012475,6.2375e-05,0.0002495
